"Wavelength","Panchromatic","Blue","Green","Red","Near IR"
350,0.000055240937968200100,0.000002772902338376890,0.000004558598484384760,0.000001446557573799250,0.000000995030808984297
351,0.000057588181321935900,0.000002608940852819810,0.000003692934882411270,0.000012223324947492300,0.000000863049095607235
352,0.000059936586102368100,0.000002445116918844570,0.000002827271280437790,0.000022999515313776600,0.000000731067382230173
353,0.000062284990882800400,0.000002281292984869330,0.000001961607678464310,0.000033776859694878500,0.000000599100958671621
354,0.000064633395663232700,0.000002117469050894090,0.000001095907349142420,0.000044553050061162800,0.000000467119245294558
355,0.000066980639016968400,0.000001953507565337000,0.000000230231504719464,0.000055330394442264600,0.000000335137531917496
356,0.000057602118442294500,0.000001828473177441540,0.000000416586070540994,0.000075193297481939700,0.000000293426907022614
357,0.000048223597867620600,0.000001703438789546080,0.000000602940636362524,0.000095056200521614700,0.000000251700992309221
358,0.000038845077292946700,0.000001578266850068780,0.000000789282959734584,0.000114919103561290000,0.000000209990367414339
359,0.000029466556718272700,0.000001453232462173310,0.000000975637525556113,0.000134777390541695000,0.000000168279742519456
360,0.000020088036143598800,0.000001328156808803300,0.000001161992091377640,0.000154649525699910000,0.000000126555356787915
361,0.000019606044064528900,0.000001340137551581840,0.000000959550946953466,0.000128372608304291000,0.000000238551748390747
362,0.000019125213412155500,0.000001352104539202200,0.000000757109802529290,0.000102091074849401000,0.000000350534379156919
363,0.000018643221333085600,0.000001364071526822560,0.000000554668658105114,0.000075814157453781700,0.000000462532299741602
364,0.000018161229254015600,0.000001376066024759280,0.000000352227513680937,0.000049537240058162400,0.000000574514930507775
365,0.000017680398601642300,0.000001388033012379640,0.000000149786369256761,0.000023259168647725400,0.000000686512851092458
366,0.000017608390146455900,0.000001420082530949110,0.000000195817979261291,0.000021148475546426000,0.000000549225570692476
367,0.000017537543117966100,0.000001451994497936730,0.000000241849589265820,0.000019037782445126600,0.000000411938290292494
368,0.000017466696089476300,0.000001484044016506190,0.000000287881199270350,0.000016927089343827200,0.000000274651009892513
369,0.000017395849060986500,0.000001516093535075650,0.000000333912809274880,0.000014816396242527800,0.000000137363729492531
370,0.000017323840605800200,0.000001548143053645120,0.000000379944419279409,0.000012705703141228300,0.000000000076242679999
371,0.000015688551817052100,0.000001513342503438790,0.000000413758064713588,0.000010560735799847700,0.000000000076499548950
372,0.000014052101601607400,0.000001478679504814310,0.000000447571710147766,0.000008415537655503500,0.000000000076756417901
373,0.000012416812812859300,0.000001443878954607980,0.000000481385355581945,0.000006270339511159320,0.000000000077011757870
374,0.000010781175596102300,0.000001409215955983490,0.000000515199001016123,0.000004125141366815150,0.000000000077268626821
375,0.000009145422236675530,0.000001374415405777170,0.000000549000404000833,0.000001979827820989220,0.000000000077525495772
376,0.000009817423723301700,0.000001342475928473180,0.000000492036286620227,0.000001846539109562170,0.000000000077137134382
377,0.000010489425209927900,0.000001310550206327370,0.000000435059926790152,0.000001713134996653360,0.000000000076750301974
378,0.000011161310553884400,0.000001278610729023380,0.000000378083566960077,0.000001579730883744550,0.000000000076361940584
379,0.000011833776611189200,0.000001246671251719390,0.000000321119449579472,0.000001446442172317490,0.000000000075973579194
380,0.000012505081241797400,0.000001214745529573590,0.000000264143089749397,0.000001313038059408680,0.000000000075586746785
381,0.000011527508391307900,0.000001284277854195320,0.000000231761810903126,0.000001631892353497820,0.000000000076536244515
382,0.000010549819398148700,0.000001353810178817060,0.000000199380532056854,0.000001950631246105200,0.000000000077485742244
383,0.000009572014262319830,0.000001423383768913340,0.000000166987010761113,0.000002269485540194340,0.000000000078435239974
384,0.000008594209126490980,0.000001492847317744150,0.000000134605731914842,0.000002588339834283470,0.000000000079384737703
385,0.000007616403990662130,0.000001562448418156810,0.000000102218331843835,0.000002907194128372610,0.000000000080334235433
386,0.000007788875855100410,0.000001433012379642370,0.000000083173977449408,0.000011107969626330000,0.000000000080832683516
387,0.000007961231576869020,0.000001303700137551580,0.000000064129623054981,0.000019308975927250900,0.000000000081329602618
388,0.000008133587298637650,0.000001174346629986240,0.000000045085268660554,0.000027509405220763000,0.000000000081826521719
389,0.000008306059163075920,0.000001044993122420910,0.000000026040914266126,0.000035709834514275200,0.000000000082323440821
390,0.000008478414884844540,0.000000915653370013755,0.000000006995825324731,0.000043911417822604800,0.000000000082820359922
391,0.000009200590004761850,0.000000893796423658872,0.000000036063807646634,0.000041287188127495600,0.000000000082699570356
392,0.000009922648982009500,0.000000871939477303989,0.000000065131055421569,0.000038664112447203800,0.000000000082577251808
393,0.000010644824101926800,0.000000850082530949106,0.000000094199527441451,0.000036039882752094500,0.000000000082456462242
394,0.000011366999221844100,0.000000828225584594223,0.000000123269223706279,0.000033416807071802800,0.000000000082334143694
395,0.000012089290484431100,0.000000806368638239340,0.000000152332798746373,0.000030792577376693500,0.000000000082213354127
396,0.000011174086247546500,0.000000943067400275103,0.000000121883378426356,0.000030791423361876000,0.000000000082823417886
397,0.000010259114296001200,0.000001079766162310870,0.000000091430285371497,0.000030789115332240900,0.000000000083435010626
398,0.000009344142344455930,0.000001216451169188450,0.000000060978416561586,0.000030787961317423300,0.000000000084045074385
399,0.000008429170392910650,0.000001353149931224210,0.000000030525323506727,0.000030786807302605800,0.000000000084656667125
400,0.000007514198441365370,0.000001489821182943600,0.000000000073288199503,0.000030784499272970700,0.000000000085266730884
401,0.000007222564197860650,0.000068042640990371400,0.000000000073541618207,0.000029748193966810500,0.000000000085655092274
402,0.000006930929954355930,0.000134594222833563000,0.000000000073795036911,0.000028710734645832900,0.000000000086043453664
403,0.000006639295710851210,0.000201141678129298000,0.000000000074049679860,0.000027673275324855200,0.000000000086430286073
404,0.000006347661467346490,0.000267702888583219000,0.000000000074303098564,0.000026636970018695000,0.000000000086818647463
405,0.000006056027223841770,0.000334250343878955000,0.000000000074556517268,0.000025599510697717400,0.000000000087205479871
406,0.000006338370053774050,0.000333810178817056000,0.000000031750792698603,0.000023082604380640200,0.000000000087592312279
407,0.000006620712883706340,0.000333356258596974000,0.000000063426906455444,0.000020566852078380700,0.000000000087977615706
408,0.000006902939570968980,0.000332916093535076000,0.000000095104244457231,0.000018049945761303600,0.000000000088362919132
409,0.000007185282400901270,0.000332462173314993000,0.000000126782806703965,0.000015533039444226500,0.000000000088748222559
410,0.000007467625230833550,0.000332022008253095000,0.000000158454023481018,0.000013016133127149400,0.000000000089133525985
411,0.000008161113111345980,0.000340701513067400000,0.000000126782806703965,0.000017953008516629400,0.000000000089546351085
412,0.000008854600991858400,0.000349394773039890000,0.000000095105468702178,0.000022889883906109400,0.000000000089957647203
413,0.000009548088872370820,0.000358088033012380000,0.000000063429354945338,0.000027826759295589400,0.000000000090370472302
414,0.000010241576752883200,0.000366781292984869000,0.000000031754465433444,0.000032763634685069400,0.000000000090783297402
415,0.000010935064633395700,0.000375474552957359000,0.000000000078296585581,0.000037699356059731800,0.000000000091196122502
416,0.000009904066154864630,0.000389174690508941000,0.000000010794045272578,0.000031438825674521700,0.000000000091789367460
417,0.000008872951533663950,0.000402861072902338000,0.000000021509983717542,0.000025177141274494000,0.000000000092382612418
418,0.000007841836912463270,0.000416547455295736000,0.000000032225799738012,0.000018915456874466300,0.000000000092975857377
419,0.000006810838433932240,0.000430247592847318000,0.000000042941615758481,0.000012654926489256100,0.000000000093570631317
420,0.000005779723812731560,0.000443933975240715000,0.000000053657431778950,0.000006393126687746670,0.000000000094163876275
421,0.000007570063065469620,0.000469064649243466000,0.000000060688270509164,0.000005427216285457110,0.000000000094666911304
422,0.000009360402318207680,0.000494181568088033000,0.000000067719109239377,0.000004461305883167540,0.000000000095171475315
423,0.000011150857713615400,0.000519312242090784000,0.000000074749947969590,0.000003495510882359730,0.000000000095674510344
424,0.000012940616253005200,0.000544429160935351000,0.000000081782010944750,0.000002529600480070160,0.000000000096179074354
425,0.000014731536219091500,0.000569546079779917000,0.000000088812849674963,0.000001563690077780600,0.000000000096683638365
426,0.000015766367405721200,0.000601114167812930000,0.000000136613493627805,0.000007860802732707090,0.000000000097006253536
427,0.000016801198592350800,0.000632668500687758000,0.000000184420258805382,0.000014157453781706600,0.000000000097330397688
428,0.000017836029778980500,0.000664222833562586000,0.000000232227023982959,0.000020454912641078300,0.000000000097654541841
429,0.000018870860965610200,0.000695777166437414000,0.000000280033789160535,0.000026752371500450100,0.000000000097978685993
430,0.000019905692152239800,0.000727331499312242000,0.000000327840554338112,0.000033049830359821800,0.000000000098302830145
431,0.000044222482897991900,0.000839436038514443000,0.000000277095601287906,0.000027098575945715100,0.000000000098584162806
432,0.000068539273643744000,0.000951526822558459000,0.000000226350648237699,0.000021147321531608500,0.000000000098865495467
433,0.000092856064389496100,0.001063631361760660000,0.000000175605695187493,0.000015196067117501800,0.000000000099146828127
434,0.000117176339415338000,0.001175722145804680000,0.000000124848499687818,0.000009244581900431600,0.000000000099428160788
435,0.000141485000174214000,0.001287826685006880000,0.000000074105995127505,0.000003293327486324920,0.000000000099707964466
436,0.000258823939327069000,0.002230398899587350000,0.000000094102812090643,0.000002833567983012900,0.000000000100102441784
437,0.000376151264212959000,0.003173039889958730000,0.000000114100853298728,0.000002373808479700880,0.000000000100496919102
438,0.000493490203365814000,0.004115680880330120000,0.000000134103791486601,0.000001913933574907100,0.000000000100891396419
439,0.000610817528251704000,0.005058321870701510000,0.000000154095711469951,0.000001454174071595080,0.000000000101284344755
440,0.000728144853137594000,0.006000962861072900000,0.000000174087631453301,0.000000994426108431232,0.000000000101678822072
441,0.001501608575974730000,0.012479367262723500000,0.000000161943121579766,0.000009456920626860850,0.000000648578811369509
442,0.002275118755879720000,0.018957359009628600000,0.000000149798611706230,0.000017919542086920400,0.000001297065883827960
443,0.003048628935784720000,0.025436038514442900000,0.000000137654101832695,0.000026381932744016400,0.000001945476507193860
444,0.003822139115689710000,0.031914718019257200000,0.000000125509591959159,0.000034844323401112500,0.000002594070608381880
445,0.004595649295594710000,0.038393397524071500000,0.000000113361409350783,0.000043306714058208500,0.000003242511811384800
446,0.037262052705543500000,0.073086657496561200000,0.000000090706756607862,0.000034645832852493800,0.000002594070608381880
447,0.069928339972822600000,0.107779917469051000000,0.000000068052103864941,0.000025983797631961600,0.000001945476507193860
448,0.102595788666798000000,0.142475928473177000000,0.000000045397451122021,0.000017322916426246900,0.000001297065883827960
449,0.135259753080684000000,0.177166437414030000000,0.000000022744022624047,0.000008661458213123460,0.000000648578811369509
450,0.167930686054750000000,0.211856946354883000000,0.000000000089369881126,0.000000000081539224964,0.000000000105126676146
451,0.266245455918050000000,0.306052269601100000000,0.000056719268391219700,0.000000000081457289912,0.000000332140727489565
452,0.364571840048315000000,0.400247592847318000000,0.000113437312537493000,0.000000000081374200845,0.000000664174426249560
453,0.462886609911615000000,0.494442916093535000000,0.000170157805173659000,0.000000000081291111778,0.000000996223414828066
454,0.561201379774915000000,0.588638239339752000000,0.000226877073564879000,0.000000000081209176726,0.000001328257113588060
455,0.659527763905181000000,0.682833562585970000000,0.000283596341956099000,0.000000000081126087659,0.000001660321391985080
456,0.672419600236931000000,0.718211829436039000000,0.000284796102004089000,0.000000029296974173148,0.000001513707322294080
457,0.685311436568681000000,0.753590096286107000000,0.000285995862052079000,0.000000058512013294251,0.000001367108542421600
458,0.698203272900431000000,0.788954607977992000000,0.000287207864549539000,0.000000087728206430171,0.000001220525052367630
459,0.711095109232181000000,0.824332874828061000000,0.000288407624597529000,0.000000116947861610543,0.000001073926272495150
460,0.723986945563931000000,0.859711141678129000000,0.000289607384645520000,0.000000146155976642740,0.000000927342782441172
461,0.727749968060766000000,0.862902338376891000000,0.000289582899746581000,0.000000116947861610543,0.000000752121462318242
462,0.731512990557601000000,0.866079779917469000000,0.000289558414847643000,0.000000087728206430171,0.000000576884852376802
463,0.735276013054436000000,0.869257221458047000000,0.000289521687499235000,0.000000058513167309068,0.000000401663532253872
464,0.739039035551271000000,0.872448418156809000000,0.000289497202600296000,0.000000029298128187966,0.000000226442212130942
465,0.742802058048106000000,0.875625859697387000000,0.000289472717701358000,0.000000000083198698271,0.000000051214776080608
466,0.746681223214597000000,0.876217331499312000000,0.000289962415680129000,0.000000002692085766381,0.000002260140972126660
467,0.750548774114122000000,0.876808803301238000000,0.000290439871209432000,0.000000005300967064417,0.000004469213950430410
468,0.754416325013647000000,0.877386519944979000000,0.000290929569188203000,0.000000007909732960971,0.000006678134030549060
469,0.758295490180137000000,0.877977991746905000000,0.000291407024717505000,0.000000010518614259007,0.000008887054110667710
470,0.762163041079662000000,0.878569463548831000000,0.000291896722696277000,0.000000013128072564452,0.000011096127088971500
471,0.763324467776216000000,0.882269601100413000000,0.000295704124481226000,0.000000010518383456044,0.000009010442946042230
472,0.764474280205805000000,0.885969738651995000000,0.000299511526266175000,0.000000007909271355044,0.000006924758803113010
473,0.765624092635393000000,0.889683631361761000000,0.000303318928051125000,0.000000005300159254045,0.000004839074660183780
474,0.766785519331947000000,0.893383768913343000000,0.000307126329836074000,0.000000002691047153045,0.000002753390517254560
475,0.767935331761536000000,0.897083906464924000000,0.000310921489171553000,0.000000000081924665913,0.000000667675794688317
476,0.761907527206420000000,0.900866574965612000000,0.000316773380017874000,0.000000007591917280218,0.000001541060807608210
477,0.755868108384339000000,0.904635488308116000000,0.000322637513313664000,0.000000015101437902463,0.000002414415240891090
478,0.749828689562258000000,0.908404401650619000000,0.000328489404159984000,0.000000022611766335080,0.000003287616775988870
479,0.743800885007143000000,0.912187070151307000000,0.000334341295006305000,0.000000030122094767697,0.000004160971209271750
480,0.737761466185062000000,0.915955983493810000000,0.000340193185852625000,0.000000037631269185496,0.000005034325642554620
481,0.739085492619133000000,0.917936726272352000000,0.000341686764687879000,0.000000076267685277079,0.000004737397367093250
482,0.740397904786239000000,0.919917469050894000000,0.000343192585972601000,0.000000114902947353844,0.000004440316193446780
483,0.741721931220311000000,0.921898211829436000000,0.000344686164807855000,0.000000153541671475062,0.000004143235019800310
484,0.743034343387417000000,0.923878954607978000000,0.000346191986092577000,0.000000192178087566644,0.000003846306744338950
485,0.744346755554523000000,0.925859697386520000000,0.000347697807377300000,0.000000230802963510051,0.000003549225570692480
486,0.740432747587136000000,0.928638239339753000000,0.000360221833184383000,0.000000500046160592702,0.000009414094154702380
487,0.736507125352783000000,0.931416781292985000000,0.000372745858991467000,0.000000769277817527177,0.000015278962738712300
488,0.732581503118431000000,0.934195323246217000000,0.000385282127248020000,0.000001038509474461650,0.000021144290017277500
489,0.728655880884078000000,0.936960110041266000000,0.000397806153055103000,0.000001307729591247950,0.000027009464397657600
490,0.724741872916691000000,0.939738651994498000000,0.000410342421311656000,0.000001576961248182430,0.000032873109796186700
491,0.732558274584500000000,0.940481430536451000000,0.000430775069475901000,0.000001995868626953170,0.000026361176092839800
492,0.740386290519274000000,0.941237964236589000000,0.000451219960089615000,0.000002414776005723910,0.000019847713407641900
493,0.748202692187082000000,0.941980742778542000000,0.000471652608253859000,0.000002833567983012900,0.000013334097824258800
494,0.756030708121857000000,0.942723521320495000000,0.000492097498867573000,0.000003252475361783650,0.000006820788037246000
495,0.763847109789666000000,0.943466299862448000000,0.000512530147031818000,0.000003671382740554390,0.000000307600568781249
496,0.761477799328695000000,0.949862448418157000000,0.000732833025231688000,0.000003058254667989940,0.000000282127731143831
497,0.759120103134691000000,0.956258596973865000000,0.000953148145881028000,0.000002445126595425490,0.000000256639603687904
498,0.756750792673720000000,0.962654745529574000000,0.001173451024080900000,0.000001832113924342790,0.000000231151476231977
499,0.754381482212750000000,0.969050894085282000000,0.001393802872078650000,0.000001218985851778340,0.000000205663348776050
500,0.752023786018745000000,0.975447042640990000000,0.001614044538031170000,0.000000605892399658412,0.000000180175221320123
501,0.763707738586079000000,0.980357634112792000000,0.005666907434839560000,0.000000626814688300598,0.000000162851856948458
502,0.775403305420378000000,0.985268225584594000000,0.009719647907153260000,0.000000647748517090959,0.000000145522376649389
503,0.787087257987712000000,0.990178817056396000000,0.013772755652951000000,0.000000668670805733146,0.000000128195954314022
504,0.798782824822011000000,0.995089408528198000000,0.017825006427286000000,0.000000689604634523507,0.000000110869531978655
505,0.810466777389345000000,1.000000000000000000000,0.021878481446567800000,0.000000710526923165693,0.000000093543109643289
506,0.814369171089767000000,0.994718019257221000000,0.058396483968512400000,0.000000609723728852678,0.000000103762824335275
507,0.818259950523223000000,0.989422283356259000000,0.094915710735403900000,0.000000508932074687839,0.000000113982539027262
508,0.822150729956679000000,0.984140302613480000000,0.131434937502295000000,0.000000408128880374824,0.000000124200724737397
509,0.826053123657100000000,0.978844566712517000000,0.167954164269187000000,0.000000307337226209985,0.000000134420439429384
510,0.829943903090556000000,0.973562585969739000000,0.204473391036079000000,0.000000206534031896970,0.000000144638625139520
511,0.820002090568054000000,0.867551581843191000000,0.315953135903432000000,0.000000226902393426732,0.000000152789627387123
512,0.810060278045551000000,0.761554332874828000000,0.427432880770785000000,0.000000247270754956494,0.000000160940629634726
513,0.800118465523048000000,0.655543328748281000000,0.538912625638138000000,0.000000267627576338080,0.000000169090102900479
514,0.790176653000546000000,0.549546079779917000000,0.650392370505491000000,0.000000287995937867842,0.000000177239576166231
515,0.780246454745009000000,0.443535075653370000000,0.761872115372844000000,0.000000308364299397604,0.000000185389049431983
516,0.787482143064540000000,0.371059147180193000000,0.780578578161919000000,0.000000316453943268632,0.000000185480788343042
517,0.794717831384072000000,0.298583218707015000000,0.799272798501524000000,0.000000324543587139659,0.000000185587817072611
518,0.801965133970569000000,0.226107290233838000000,0.817967018841130000000,0.000000332633231010686,0.000000185679555983670
519,0.809200822290101000000,0.153631361760660000000,0.836661239180735000000,0.000000340722874881713,0.000000185786584713239
520,0.816436510609633000000,0.081159559834938100000,0.855355459520341000000,0.000000348812518752741,0.000000185878323624299
521,0.825867295385652000000,0.067504814305364500000,0.857877404111015000000,0.000000414118217277910,0.000000266837912633977
522,0.835286465894705000000,0.053848693259972500000,0.860399348701688000000,0.000000479435455951254,0.000000347812791462165
523,0.844705636403758000000,0.040193947730398900000,0.862921293292362000000,0.000000544741154476423,0.000000428772380471844
524,0.854124806912812000000,0.026539202200825300000,0.865430995433566000000,0.000000610046853001593,0.000000509731969481522
525,0.863555591688831000000,0.012883631361760700000,0.867952940024240000000,0.000000675364091674937,0.000000590691558491201
526,0.857330344595301000000,0.011001375515818400000,0.873449799835951000000,0.000000708484316938630,0.000000610965857835268
527,0.851116711768737000000,0.009119257221458050000,0.878958902097132000000,0.000000741616082350497,0.000000631240157179334
528,0.844891464675207000000,0.007237138927097660000,0.884455761908843000000,0.000000774747847762365,0.000000651514456523401
529,0.838666217581677000000,0.005355020632737280000,0.889952621720554000000,0.000000807868073026058,0.000000671773466048958
530,0.832452584755113000000,0.003472902338376890000,0.895461723981734000000,0.000000840999838437925,0.000000692047765393025
531,0.840733557101543000000,0.003045667125171940000,0.895473966431204000000,0.000000861702864264777,0.000000732596364081158
532,0.849014529447974000000,0.002618431911966990000,0.895486208880673000000,0.000000882417430239804,0.000000773160252587802
533,0.857295501794404000000,0.002191196698762040000,0.895498451330142000000,0.000000903120456066656,0.000000813708851275935
534,0.865576474140834000000,0.001763961485557080000,0.895510693779611000000,0.000000923835022041683,0.000000854257449964069
535,0.873857446487265000000,0.001336726272352130000,0.895522936229081000000,0.000000944538047868535,0.000000894806048652202
536,0.871104865216432000000,0.001223878954607980000,0.895608633375366000000,0.000000920338357144506,0.000000795666865434307
537,0.868352283945599000000,0.001111017881705640000,0.895706572971120000000,0.000000896127126272301,0.000000696512392397902
538,0.865599702674766000000,0.000998170563961486000,0.895792270117405000000,0.000000871927435548272,0.000000597357919361497
539,0.862847121403933000000,0.000885323246217331000,0.895890209713160000000,0.000000847727744824244,0.000000498203446325092
540,0.860094540133099000000,0.000772462173314993000,0.895975906859444000000,0.000000823516513952039,0.000000399064263107197
541,0.852394281134946000000,0.000739834938101788000,0.897653122436737000000,0.000000828905763149999,0.000000411143219729982
542,0.844694022136793000000,0.000707193947730399000,0.899330338014030000000,0.000000834295012347959,0.000000423237466171277
543,0.836993763138639000000,0.000674566712517194000,0.901007553591323000000,0.000000839672721397743,0.000000435316422794061
544,0.829305118407452000000,0.000641939477303989000,0.902684769168615000000,0.000000845061970595703,0.000000447410669235356
545,0.821604859409298000000,0.000609298486932600000,0.904361984745908000000,0.000000850439679645487,0.000000459504915676651
546,0.829003147466348000000,0.000499009628610729000,0.903884529216606000000,0.000000908175040967526,0.000000630475666253842
547,0.836413049790362000000,0.000388720770288858000,0.903407073687303000000,0.000000965910402289565,0.000000801461706649542
548,0.843822952114377000000,0.000278431911966988000,0.902941860607471000000,0.000001023645763611600,0.000000972447747045243
549,0.851232854438392000000,0.000168143053645117000,0.902464405078168000000,0.000001081381124933640,0.000001143418497622430
550,0.858642756762407000000,0.000057851444291609400,0.901986949548866000000,0.000001139116486255680,0.000001314404538018130
551,0.860140997200962000000,0.000053188445667125200,0.908903933499015000000,0.000001036270685715600,0.000001125086005229120
552,0.861639237639516000000,0.000048526822558459400,0.915833159898633000000,0.000000933424885175526,0.000000935767472440102
553,0.863137478078071000000,0.000043865199449793700,0.922750143848781000000,0.000000830579084635447,0.000000746448939651086
554,0.864635718516626000000,0.000039203576341127900,0.929667127798930000000,0.000000727733284095368,0.000000557130406862071
555,0.866133958955181000000,0.000034540577716643700,0.936596354198548000000,0.000000624887483555289,0.000000367811874073055
556,0.863439449019175000000,0.000032174690508940900,0.942093214010259000000,0.000000753987121194636,0.000000465651422717612
557,0.860744939083170000000,0.000029807427785419500,0.947590073821970000000,0.000000883075218685808,0.000000563490971362170
558,0.858050429147164000000,0.000027441540577716600,0.953086933633682000000,0.000001012174856325160,0.000000661330520006728
559,0.855355919211159000000,0.000025074277854195300,0.958583793445393000000,0.000001141262953816330,0.000000759170068651285
560,0.852661409275154000000,0.000022708390646492400,0.964080653257104000000,0.000001270339511159320,0.000000856994327477333
561,0.864798318254143000000,0.000021028885832187100,0.968928663246942000000,0.000001208253513975120,0.000000787196305979848
562,0.876935227233133000000,0.000019348005502063300,0.973764430787312000000,0.000001146225217531790,0.000000717382994663853
563,0.889072136212123000000,0.000017668500687757900,0.978612440777151000000,0.000001084150760495760,0.000000647569683347859
564,0.901209045191113000000,0.000015987620357634100,0.983460450766990000000,0.000001022087843607910,0.000000577756372031864
565,0.913357568437068000000,0.000014308115543328700,0.988308460756828000000,0.000000960024926720059,0.000000507943060715869
566,0.909861674080440000000,0.000012996148555708400,0.990646768605463000000,0.000000991679553165463,0.000000599972478326682
567,0.906365779723813000000,0.000011684456671251700,0.992985076454097000000,0.000001023345719759040,0.000000692017185756005
568,0.902869885367185000000,0.000010372902338376900,0.995323384302731000000,0.000001055000346204450,0.000000784046603366818
569,0.899373991010557000000,0.000009061348005502060,0.997661692151366000000,0.000001086666512798020,0.000000876076020977631
570,0.895878096653930000000,0.000007749793672627240,1.000000000000000000000,0.000001118332679391600,0.000000968120728406954
571,0.894937341029721000000,0.000007148280605226960,0.995262172055385000000,0.000000991079465460336,0.000000967983120040365
572,0.893984971138547000000,0.000006546629986244840,0.990536586560239000000,0.000000863826251529070,0.000000967845511673776
573,0.893044215514338000000,0.000005945116918844570,0.985798758615624000000,0.000000736573037597803,0.000000967707903307188
574,0.892103459890129000000,0.000005343603851444290,0.981060930671009000000,0.000000609319823666536,0.000000967570294940599
575,0.891162704265920000000,0.000004742090784044020,0.976335345175863000000,0.000000482078149883445,0.000000967432686574010
576,0.897852522038071000000,0.000004561623108665750,0.932335981783235000000,0.000000385683292173472,0.000000980597220310995
577,0.904542339810223000000,0.000004381017881705640,0.888348860840077000000,0.000000289288434463499,0.000000993761754047979
578,0.911232157582374000000,0.000004200412654745530,0.844361739896919000000,0.000000192882036605350,0.000001006926287784960
579,0.917921975354525000000,0.000004019944979367260,0.800374618953760000000,0.000000096491794954647,0.000001020090821521950
580,0.924611793126677000000,0.000003839339752407150,0.756387498010602000000,0.000000000095350474300,0.000001033255355258930
581,0.924205293782883000000,0.000003617881705639610,0.622234736726124000000,0.000000046220601472523,0.000001064156078467350
582,0.923810408706054000000,0.000003396423658872080,0.488094217891116000000,0.000000092346573730007,0.000001095041511857250
583,0.923403909362261000000,0.000003174965612104540,0.353941456606638000000,0.000000138470237957855,0.000001125942235065670
584,0.922997410018467000000,0.000002953507565337000,0.219800937771629000000,0.000000184596210215339,0.000001156827668455580
585,0.922602524941638000000,0.000002732049518569460,0.085654297711886200000,0.000000230722182472823,0.000001187728391663990
586,0.925575777284817000000,0.000002558596973865200,0.069852968181873800000,0.000000299513005746994,0.000001169946332737030
587,0.928549029627995000000,0.000002385006877579090,0.054052862896808400000,0.000000368315369169340,0.000001152179563628580
588,0.931522281971173000000,0.000002211554332874830,0.038252757611743000000,0.000000437106192443511,0.000001134412794520130
589,0.934507148581317000000,0.000002038101788170560,0.022451428081730600000,0.000000505897015717682,0.000001116630735593170
590,0.937480400924496000000,0.000001864649243466300,0.006650955523181080000,0.000000574699379140028,0.000001098863966484720
591,0.936679016503873000000,0.000001877303988995870,0.005604226093556800000,0.000000459771043460198,0.000000915905998195801
592,0.935877632083251000000,0.000001890096286107290,0.004557496663932520000,0.000000344854247928543,0.000000732948029906885
593,0.935076247662629000000,0.000001902888583218710,0.003510889658802930000,0.000000229937452396889,0.000000549990061617969
594,0.934263248975041000000,0.000001915543328748280,0.002464160229178650000,0.000000115018348835599,0.000000367016803510542
595,0.933461864554419000000,0.000001928335625859700,0.001417430799554380000,0.000000000099987305837,0.000000184058835221626
596,0.934948490726008000000,0.000001874140302613480,0.001256197740043830000,0.000000054388718351144,0.000000316116997691237
597,0.936423502630631000000,0.000001819944979367260,0.001094903468285930000,0.000000108678191427978,0.000000448175160160849
598,0.937898514535255000000,0.000001765749656121050,0.000933645923876449000,0.000000162969972534447,0.000000580218032811950
599,0.939373526439879000000,0.000001711554332874830,0.000772400621916433000,0.000000217254829552011,0.000000712276195281562
600,0.940860152611468000000,0.000001657359009628610,0.000611143077506948000,0.000000271551226717751,0.000000844334357751174
601,0.944704474977062000000,0.000001769463548830810,0.000569078021130468000,0.000000217254829552011,0.000000704279620200908
602,0.948548797342656000000,0.000001881430536451170,0.000527000722304519000,0.000000162969972534447,0.000000564224882650643
603,0.952404733975215000000,0.000001993535075653370,0.000484923423478570000,0.000000108681653472431,0.000000424185434918888
604,0.956249056340809000000,0.000002105502063273730,0.000442858367102090000,0.000000054394488425231,0.000000284130697368622
605,0.960104992973368000000,0.000002217606602475930,0.000400781068276141000,0.000000000106479793201,0.000000144083604727612
606,0.958409309996400000000,0.000002246079779917470,0.000389322135572885000,0.000000000106259376370,0.000000131208048560464
607,0.956713627019431000000,0.000002274552957359010,0.000377850960420161000,0.000000000106037805525,0.000000118330963411464
608,0.955017944042462000000,0.000002303026134800550,0.000366392027716906000,0.000000000105817388695,0.000000105453878262465
609,0.953322261065493000000,0.000002331499312242090,0.000354933095013650000,0.000000000105596971865,0.000000092576793113466
610,0.951626578088524000000,0.000002359972489683630,0.000343474162310395000,0.000000000105375401020,0.000000079701236946318
611,0.952451191043077000000,0.000002177579092159560,0.000339532093581284000,0.000000007243174002354,0.000000119694815222543
612,0.953275803997631000000,0.000001995185694635490,0.000335602267301642000,0.000000014381332656311,0.000000159686864516918
613,0.954100416952184000000,0.000001812792297111420,0.000331672441022000000,0.000000021518914302860,0.000000199685029738697
614,0.954925029906737000000,0.000001630398899587350,0.000327742614742358000,0.000000028656495949408,0.000000239667905141966
615,0.955749642861291000000,0.000001448143053645120,0.000323812788462716000,0.000000035794077595956,0.000000279666070363745
616,0.958269938792813000000,0.000001495185694635490,0.000322147815334892000,0.000000028655341934590,0.000000277112670672599
617,0.960790234724335000000,0.000001542365887207700,0.000320495084656538000,0.000000021516606273225,0.000000274543981162944
618,0.963310530655858000000,0.000001589408528198070,0.000318842353978184000,0.000000014377870611859,0.000000271990581471798
619,0.965830826587380000000,0.000001636588720770290,0.000317177380850361000,0.000000007239596556420,0.000000269421891962142
620,0.968351122518902000000,0.000001683631361760660,0.000315524650172006000,0.000000000100955524269,0.000000266868492270997
621,0.971614731536219000000,0.000001651169188445670,0.000317397744940808000,0.000000046371777413622,0.000000213522315490115
622,0.974889954820501000000,0.000001618707015130670,0.000319270839709609000,0.000000092642001523300,0.000000160176138709234
623,0.978153563837818000000,0.000001586107290233840,0.000321156176927880000,0.000000138908763588525,0.000000106823846000948
624,0.981428787122101000000,0.000001553645116918840,0.000323029271696681000,0.000000185184757772290,0.000000053477669220066
625,0.984692396139418000000,0.000001521045392022010,0.000324902366465482000,0.000000231449211807880,0.000000000130795223461
626,0.985563466161833000000,0.000001371719394773040,0.000327718129843419000,0.000001809956839845820,0.000000006753359937618
627,0.986422921917283000000,0.000001222352132049520,0.000330521650771886000,0.000003388418307291070,0.000000013375839028791
628,0.987282377672733000000,0.000001072984869326000,0.000333325171700354000,0.000004966879774736310,0.000000019997553629038
629,0.988153447695149000000,0.000000923617606602476,0.000336140935078291000,0.000006545341242181550,0.000000026621103007507
630,0.989012903450599000000,0.000000774250343878955,0.000338944456006758000,0.000008123802709626790,0.000000033243123404125
631,0.985064052682315000000,0.000000772104539202201,0.000337671241261952000,0.000012974588593717500,0.000000079022369004480
632,0.981126816180997000000,0.000000769972489683631,0.000336385784067676000,0.000017826066886698800,0.000000124803143586686
633,0.977177965412713000000,0.000000767840440165062,0.000335100326873401000,0.000022677545179680100,0.000000170588505114444
634,0.973229114644429000000,0.000000765694635488308,0.000333827112128595000,0.000027529023472661400,0.000000216366221732948
635,0.969280263876145000000,0.000000763562585969739,0.000332541654934319000,0.000032379347750825100,0.000000262143938351452
636,0.971347603396012000000,0.000000861526822558459,0.000325685883231517000,0.000037225055969718700,0.000000209745730318181
637,0.973403328648912000000,0.000000959491059147180,0.000318817869079245000,0.000042070764188612200,0.000000157347522284910
638,0.975470668168778000000,0.000001057455295735900,0.000311962097376443000,0.000046915318392688200,0.000000104941669342385
639,0.977526393421679000000,0.000001155419532324620,0.000305106325673641000,0.000051761026611581700,0.000000052541932327263
640,0.979593732941545000000,0.000001253383768913340,0.000298238311521369000,0.000056606734830475200,0.000000000142300811889
641,0.983670340646450000000,0.000001253878954607980,0.000299058555635812000,0.000104348327832529000,0.000000000142646361788
642,0.987758562618320000000,0.000001254374140302610,0.000299891042199723000,0.000152087612804948000,0.000000000142990382704
643,0.991835170323225000000,0.000001254883081155430,0.000300711286314166000,0.000199829205807003000,0.000000000143335932602
644,0.995923392295095000000,0.000001255378266850070,0.000301531530428608000,0.000247582338957232000,0.000000000143679953519
645,1.000000000000000000000,0.000001255873452544700,0.000302351774543051000,0.000295323931959286000,0.000000000144025503417
646,0.995435593082542000000,0.000001327977991746910,0.000241996498659452000,0.000868546172132850000,0.000000000143837438650
647,0.990871186165085000000,0.000001400137551581840,0.000181653465225322000,0.001441710711565540000,0.000000000143649373882
648,0.986306779247628000000,0.000001472214580467680,0.000121300637831617000,0.002015025272924500000,0.000000000143462838096
649,0.981753986597136000000,0.000001544291609353510,0.000060950258927806300,0.002588224432801720000,0.000000000143274773328
650,0.977189579679678000000,0.000001616368638239340,0.000000599818811747855,0.003161423592678930000,0.000000000143086708561
651,0.974553141078501000000,0.000001564374140302610,0.000000549624768923766,0.011787107346458300000,0.000000000142479702766
652,0.971928316744289000000,0.000001512379642365890,0.000000499430726099678,0.020413368107646500000,0.000000000141874225953
653,0.969303492410077000000,0.000001460385144429160,0.000000449236683275590,0.029039628868834700000,0.000000000141267220158
654,0.966678668075864000000,0.000001408390646492430,0.000000399042640451502,0.037665889630022900000,0.000000000140661743345
655,0.964053843741652000000,0.000001356368638239340,0.000000348848597627413,0.046290996376393500000,0.000000000140054737550
656,0.967317452758969000000,0.000001396836313617610,0.000000353023272896441,0.135296697209592000000,0.000000000139449260737
657,0.970581061776286000000,0.000001437414030261350,0.000000357197948165469,0.224305860087244000000,0.000000000138843783924
658,0.973844670793603000000,0.000001477854195323250,0.000000361384865883966,0.313315022964895000000,0.000000000138238307111
659,0.977096665543954000000,0.000001518431911966990,0.000000365559541152994,0.402324185842546000000,0.000000000137632830298
660,0.980360274561271000000,0.000001558872077028890,0.000000369746458871491,0.491333348720198000000,0.000000000137027353485
661,0.980755159638099000000,0.000001524346629986240,0.000000325220670151684,0.591074849401066000000,0.000000000136721557115
662,0.981138430447962000000,0.000001489683631361760,0.000000280707123881346,0.690827890230111000000,0.000000000136415760745
663,0.981533315524791000000,0.000001455020632737280,0.000000236181335161539,0.790569390910979000000,0.000000000136109964375
664,0.981928200601619000000,0.000001420357634112790,0.000000191667788891201,0.890322431740024000000,0.000000000135804168005
665,0.982311471411482000000,0.000001385832187070150,0.000000147142000171394,0.990063932420892000000,0.000000000135498371634
666,0.979175619330786000000,0.000002001100412654750,0.000000223559369758701,0.990767881459598000000,0.000000000135666559638
667,0.976039767250090000000,0.000002616368638239340,0.000000299964496896539,0.991471830498304000000,0.000000000135836276623
668,0.972903915169394000000,0.000003231636863823930,0.000000376369624034377,0.992164239388834000000,0.000000000136004464627
669,0.969768063088698000000,0.000003846905089408530,0.000000452774751172215,0.992868188427539000000,0.000000000136172652631
670,0.966643825274968000000,0.000004462310866574970,0.000000529192120759522,0.993560597318070000000,0.000000000136340840634
671,0.966748353677658000000,0.000004565887207702890,0.000000517329187223780,0.994853093913726000000,0.000000031157592159381
672,0.966852882080347000000,0.000004669325997248970,0.000000505454011238569,0.996145590509382000000,0.000000062177575952173
673,0.966969024750003000000,0.000004772902338376890,0.000000493591077702827,0.997426546956863000000,0.000000093197559744966
674,0.967073553152693000000,0.000004876478679504810,0.000000481728144167085,0.998719043552519000000,0.000000124219072519609
675,0.967189695822348000000,0.000004980055020632740,0.000000469865210631343,1.000000000000000000000,0.000000155237527330551
676,0.969489320681525000000,0.000006945529573590100,0.000000458418520377557,0.994253006208600000000,0.000000154962310597373
677,0.971800559807668000000,0.000008911141678129300,0.000000446971830123771,0.988506012417199000000,0.000000154687093864196
678,0.974100184666845000000,0.000010876616231086700,0.000000435525139869985,0.982759018625799000000,0.000000154411877131018
679,0.976411423792987000000,0.000012842228335625900,0.000000424078449616199,0.977012024834399000000,0.000000154136660397841
680,0.978711048652164000000,0.000014807427785419500,0.000000412631759362413,0.971276571191174000000,0.000000153876733483174
681,0.971649574337116000000,0.000013734525447042600,0.000000435170108835376,0.970272578299905000000,0.000000203461614910631
682,0.964576485755101000000,0.000012661348005502100,0.000000457696215858869,0.969280125556812000000,0.000000253031206519579
683,0.957515011440053000000,0.000011588308115543300,0.000000480234565331832,0.968287672813719000000,0.000000302616087947036
684,0.950453537125004000000,0.000010515130674002700,0.000000502772914804794,0.967283679922450000000,0.000000352200969374494
685,0.943380448542990000000,0.000009441953232462170,0.000000525311264277757,0.966291227179357000000,0.000000401785850801951
686,0.942277093181264000000,0.000009628885832187070,0.000000553101624573045,0.928658803979043000000,0.000000345182942678470
687,0.941162123552572000000,0.000009815818431911970,0.000000580891984868332,0.891026380778729000000,0.000000288580034554990
688,0.940047153923880000000,0.000010002888583218700,0.000000608670102714151,0.853393957578415000000,0.000000231961836612999
689,0.938932184295188000000,0.000010189821182943600,0.000000636460463009439,0.815761534378102000000,0.000000175358928489519
690,0.937817214666496000000,0.000010376753782668500,0.000000664250823304727,0.778129111177787000000,0.000000118754491384187
691,0.937422329589668000000,0.000009553920220082530,0.000000643622295948974,0.638874143143998000000,0.000000095030808984297
692,0.937027444512839000000,0.000008731086657496560,0.000000623006011042690,0.499630715258384000000,0.000000071307126584407
693,0.936632559436011000000,0.000007908115543328750,0.000000602377483686936,0.360375747224594000000,0.000000047584973166369
694,0.936237674359183000000,0.000007085281980742780,0.000000581748956331183,0.221132319338980000000,0.000000023861290766479
695,0.935842789282354000000,0.000006262310866574970,0.000000561120428975429,0.081879659334825900000,0.000000000137539562405
696,0.937921743069186000000,0.000006220632737276480,0.000000507106741916923,0.066376624275855700000,0.000000043218200999954
697,0.940012311122983000000,0.000006178954607977990,0.000000453105297307885,0.050874743231703100000,0.000000086300322615171
698,0.942091264909815000000,0.000006137276478679510,0.000000399091610249379,0.035371708172732900000,0.000000129380915248536
699,0.944170218696647000000,0.000006095598349381020,0.000000345077923190872,0.019869827128580300000,0.000000172469152791156
700,0.946260786750444000000,0.000006053920220082530,0.000000291064236132365,0.004366907471091930000,0.000000215540571533416
701,0.951289764346523000000,0.000005935625859697390,0.000000266273275957054,0.003633992660465760000,0.000000221564760026298
702,0.956307127675637000000,0.000005817331499312240,0.000000241482315781742,0.002901077849839590000,0.000000227573658700671
703,0.961336105271716000000,0.000005698899587345250,0.000000216703598055899,0.002168163039213420000,0.000000233597847193554
704,0.966365082867795000000,0.000005580605226960110,0.000000191912637880587,0.001435248228587260000,0.000000239606745867927
705,0.971394060463874000000,0.000005462310866574970,0.000000167121677705275,0.000702356498257438000,0.000000245630934360809
706,0.968664707726972000000,0.000005308115543328750,0.000000179131520634649,0.000595183142151545000,0.000000285827867223216
707,0.965923740723104000000,0.000005154057771664370,0.000000191141363564022,0.000487998245897477000,0.000000326009510267113
708,0.963194387986202000000,0.000004999862448418160,0.000000203151206493395,0.000380813349643409000,0.000000366206443129520
709,0.960465035249300000000,0.000004845804676753780,0.000000215161049422769,0.000273628453389342000,0.000000406403375991927
710,0.957735682512398000000,0.000004691746905089410,0.000000227170892352142,0.000166443557135274000,0.000000446600308854334
711,0.952207291436801000000,0.000005470701513067400,0.000000213863349779024,0.000138366376624276000,0.000000523844471966118
712,0.946678900361204000000,0.000006249793672627240,0.000000200568049655375,0.000110284580054008000,0.000000601088635077902
713,0.941150509285606000000,0.000007028885832187070,0.000000187272749531726,0.000082202783483739900,0.000000678332798189685
714,0.935622118210009000000,0.000007807840440165060,0.000000173977449408078,0.000054120986913472000,0.000000755592251119979
715,0.930093727134412000000,0.000008586932599724900,0.000000160682149284429,0.000026039190343204000,0.000000832836414231763
716,0.928711629365512000000,0.000008274002751031640,0.000000167293071997845,0.000023092990513998200,0.000001017155176368060
717,0.927329531596613000000,0.000007961072902338380,0.000000173903994711262,0.000020146790684792400,0.000001201489228322860
718,0.925947433827714000000,0.000007648143053645120,0.000000180527159874148,0.000017199436840769000,0.000001385807990459150
719,0.924565336058815000000,0.000007335213204951860,0.000000187138082587564,0.000014253237011563200,0.000001570111462776940
720,0.923183238289915000000,0.000007022283356258600,0.000000193749005300981,0.000011306690977912200,0.000001754506674005780
721,0.924135608181090000000,0.000008538239339752410,0.000000202673750964093,0.000009045283541440670,0.000002449428925278660
722,0.925087978072264000000,0.000010054057771664400,0.000000211598496627205,0.000006783991506450940,0.000003144351176551530
723,0.926040347963438000000,0.000011570013755158200,0.000000220523242290317,0.000004522699471461210,0.000003839426326009510
724,0.926992717854613000000,0.000013085832187070200,0.000000229435745503960,0.000002261292034989730,0.000004534348577282390
725,0.927945087745787000000,0.000014601100412654700,0.000000238360491167073,0.000000000000000000000,0.000005229270828555270
726,0.923461980697088000000,0.000015940852819807400,0.000000216532203763329,0.000002269947146121360,0.000005869608427747960
727,0.918978873648390000000,0.000017280605226960100,0.000000194703916359585,0.000004540009693724470,0.000006509793128755560
728,0.914495766599691000000,0.000018618982118294400,0.000000172875628955841,0.000006809956839845820,0.000007149977829763160
729,0.910012659550992000000,0.000019958734525447000,0.000000151035099102628,0.000009079903985967180,0.000007790162530770760
730,0.905541166769259000000,0.000021297111416781300,0.000000129206811698885,0.000011349966533570300,0.000008430347231778360
731,0.901116131055388000000,0.000021566712517193900,0.000000141632897910214,0.000009132873266092740,0.000009331529134749170
732,0.896691095341517000000,0.000021834938101788200,0.000000154058984121543,0.000006915895400096940,0.000010232558139534900
733,0.892266059627646000000,0.000022103163686382400,0.000000166485070332872,0.000004698917534101140,0.000011133740042505700
734,0.887852638180741000000,0.000022372764786795000,0.000000178911156544201,0.000002481824266623580,0.000012034769047291400
735,0.883427602466870000000,0.000022640990371389300,0.000000191325000306061,0.000000264834860479609,0.000012935950950262200
736,0.883508902335629000000,0.000026819807427785400,0.000000177760366294088,0.000000211888660650403,0.000015713346482577300
737,0.883601816471353000000,0.000031000000000000000,0.000000164183489832646,0.000000158942460821197,0.000018491506505817800
738,0.883694730607078000000,0.000035178817056396200,0.000000150606613371203,0.000000105991644932721,0.000021268137547207300
739,0.883776030475836000000,0.000039357634112792300,0.000000137041979359230,0.000000053044291088698,0.000024046297570447800
740,0.883868944611561000000,0.000043536451169188400,0.000000123465102897788,0.000000000097364230157,0.000026822928611837400
741,0.884670329032183000000,0.000042017881705639600,0.000000189721239425584,0.000000000096626814688,0.000036444811400088700
742,0.885460099185840000000,0.000040499312242090800,0.000000255989618402850,0.000000000095890553235,0.000046066694188340000
743,0.886249869339497000000,0.000038979367262723500,0.000000322245754930647,0.000000000095154291781,0.000055688576976591300
744,0.887051253760119000000,0.000037460797799174700,0.000000388514133907912,0.000000000094416876313,0.000065308930782991600
745,0.887841023913776000000,0.000035942228335625900,0.000000454770270435709,0.000000000093680614859,0.000074930813571242900
746,0.885622698923357000000,0.000034174690508940900,0.000000404845561499945,0.000000000092990513998,0.000092919285048086500
747,0.883404373932939000000,0.000032407152682255800,0.000000354920852564181,0.000000000092300413137,0.000110907756524930000
748,0.881186048942521000000,0.000030639614855570800,0.000000304983901178948,0.000000000091609158262,0.000128894699019923000
749,0.878967723952103000000,0.000028872077028885800,0.000000255059192243184,0.000000000090919057401,0.000146883170496766000
750,0.876749398961684000000,0.000027104539202200800,0.000000205134483307420,0.000000000090228956540,0.000164870112991759000
751,0.873056062066643000000,0.000030147180192572200,0.000000202759448110378,0.000000000089711957902,0.000202009082152195000
752,0.869351110904635000000,0.000033191196698762000,0.000000200396655362805,0.000000000089193805248,0.000239132761494121000
753,0.865657774009593000000,0.000036233837689133400,0.000000198033862615232,0.000000000088676806610,0.000276271730654557000
754,0.861952822847586000000,0.000039276478679504800,0.000000195658827418190,0.000000000088159807972,0.000313410699814993000
755,0.858259485952544000000,0.000042320495185694600,0.000000193296034670617,0.000000000087641655319,0.000350534379156919000
756,0.854391935053019000000,0.000039957359009628600,0.000000297503764553212,0.000000000087358921689,0.000468954023515741000
757,0.850524384153494000000,0.000037595598349381000,0.000000401723736885276,0.000000000087076188058,0.000587373667874562000
758,0.846656833253969000000,0.000035233837689133400,0.000000505931466767871,0.000000000086792300413,0.000705778022414874000
759,0.842800896621410000000,0.000032870701513067400,0.000000610139196650466,0.000000000086509566783,0.000824197666773695000
760,0.838933345721885000000,0.000030508940852819800,0.000000714359168982530,0.000000000086226833153,0.000942617311132517000
761,0.837353805414571000000,0.000028006877579092200,0.000000840640035258255,0.000000000086177210515,0.001409216702597740000
762,0.835774265107258000000,0.000025504814305364500,0.000000966933143983448,0.000000000086128741893,0.001875754934788920000
763,0.834206339066910000000,0.000023002751031636900,0.000001093226252708640,0.000000000086079119256,0.002342400195709680000
764,0.832626798759596000000,0.000020500687757909200,0.000001219519361433840,0.000000000086029496619,0.002809045456630430000
765,0.831047258452283000000,0.000017998624484181600,0.000001345812470159030,0.000000000085981027996,0.003275690717551180000
766,0.833927596659737000000,0.000019459422283356300,0.000002052691502515820,0.000000000086067579108,0.005178967325657840000
767,0.836807934867191000000,0.000020920220082530900,0.000002759692959367310,0.000000000086152976204,0.007082396831949610000
768,0.839688273074645000000,0.000022379642365887200,0.000003466571991724100,0.000000000086239527316,0.008985826338241370000
769,0.842556997015133000000,0.000023840440165061900,0.000004173451024080900,0.000000000086326078427,0.010889102946348000000
770,0.845437335222587000000,0.000025301237964236600,0.000004880330056437690,0.000000000086412629538,0.012792532452639800000
771,0.848120230891627000000,0.000025275103163686400,0.000004122522434288650,0.000000000086521106931,0.026053850740791700000
772,0.850791512293702000000,0.000025250343878954600,0.000003364714812139610,0.000000000086629584324,0.039316239316239300000
773,0.853462793695776000000,0.000025224209078404400,0.000002606907189990570,0.000000000086738061717,0.052577098909835900000
774,0.856145689364816000000,0.000025199449793672600,0.000001848977143346840,0.000000000086847693124,0.065839487485283600000
775,0.858816970766890000000,0.000025173314993122400,0.000001091181763647270,0.000000000086956170517,0.079100347078880200000
776,0.854450006387847000000,0.000022977991746905100,0.000001074532032369040,0.000000000086975788769,0.135149763772304000000
777,0.850071427741838000000,0.000020781292984869300,0.000001057882301090800,0.000000000086995407021,0.191199180465728000000
778,0.845704463362795000000,0.000018585969738652000,0.000001041232569812570,0.000000000087015025273,0.247251655122854000000
779,0.841325884716786000000,0.000016390646492434700,0.000001024582838534330,0.000000000087034643525,0.303304129779980000000
780,0.836958920337743000000,0.000014193947730398900,0.000001007933107256100,0.000000000087054261777,0.359341314618595000000
781,0.828712790792209000000,0.000014972489683631400,0.000000926447363588507,0.000000000086830382902,0.464412947418314000000
782,0.820466661246675000000,0.000015751031636863800,0.000000844961619920914,0.000000000086605350013,0.569484580218033000000
783,0.812220531701142000000,0.000016529573590096300,0.000000763463633803852,0.000000000086381471138,0.674540923199242000000
784,0.803974402155608000000,0.000017308115543328700,0.000000681977890136259,0.000000000086157592263,0.779612555998960000000
785,0.795728272610074000000,0.000018086657496561200,0.000000600492146468665,0.000000000085933713389,0.884684188798679000000
786,0.790966423154203000000,0.000021513067400275100,0.000000690535362315292,0.000000000085517114040,0.907741235111539000000
787,0.786204573698331000000,0.000024939477303989000,0.000000780590820611388,0.000000000085100514691,0.930813571242909000000
788,0.781442724242459000000,0.000028367262723521300,0.000000870634036458015,0.000000000084685069356,0.953870617555770000000
789,0.776680874786588000000,0.000031793672627235200,0.000000960677252304641,0.000000000084268470007,0.976942953687140000000
790,0.771919025330716000000,0.000035220082530949100,0.000001050732710600740,0.000000000083851870658,1.000000000000000000000
791,0.779549598727076000000,0.000033734525447042600,0.000001069414688490870,0.000000059851824497427,0.994617983884531000000
792,0.787168557856471000000,0.000032248968363136200,0.000001088108908830480,0.000000119625175987260,0.989235967769063000000
793,0.794799131252831000000,0.000030763411279229700,0.000001106803129170080,0.000000179391603388188,0.983853951653594000000
794,0.802418090382225000000,0.000029279229711141700,0.000001125485107060220,0.000000239158030789115,0.978471935538125000000
795,0.810048663778586000000,0.000027793672627235200,0.000001144179327399830,0.000000298924458190043,0.973089919422657000000
796,0.743975099011626000000,0.000026690508940852800,0.000001262196540283780,0.000000297008793592910,0.968655872054799000000
797,0.677889919977701000000,0.000025588720770288900,0.000001380091328673040,0.000000295104669143952,0.964237114505451000000
798,0.611816355210741000000,0.000024486932599724900,0.000001498108541556990,0.000000293189004546818,0.959803067137593000000
799,0.545742790443781000000,0.000023385144429160900,0.000001616003329946260,0.000000291273339949685,0.955369019769735000000
800,0.479669225676821000000,0.000022283356258597000,0.000001734020542830210,0.000000289357675352551,0.950950262220387000000
801,0.398508728121625000000,0.000025705639614855600,0.000001417185950564990,0.000000231506912548757,0.943458251150559000000
802,0.317336616299462000000,0.000029126547455295700,0.000001100363600749240,0.000000173644609596787,0.935966240080730000000
803,0.236176118744265000000,0.000032548830811554300,0.000000783553493382956,0.000000115793846792993,0.928474229010902000000
804,0.155004006922103000000,0.000035971114167812900,0.000000466743386016674,0.000000057931543841023,0.920997507759583000000
805,0.073843509366906300000,0.000039392022008253100,0.000000149933278650392,0.000000000072979897062,0.913505496689754000000
806,0.062039929849827500000,0.000045977991746905100,0.000000172104354639276,0.000000000072251713712,0.907022613641576000000
807,0.050236350332748700000,0.000052562585969738700,0.000000194275430628160,0.000000000071524684377,0.900539730593398000000
808,0.038431609388973400000,0.000059148555708390600,0.000000216446506617044,0.000000000070796501027,0.894041557726710000000
809,0.026628029871894600000,0.000065734525447042600,0.000000238629825055397,0.000000000070069471692,0.887558674678531000000
810,0.014824450354815900000,0.000072319119669876200,0.000000260800901044281,0.000000000069341288342,0.881075791630353000000
811,0.012990557600957000000,0.000066016506189821200,0.000000313651555403205,0.000000000068752740785,0.878063697383912000000
812,0.011157477845785800000,0.000059713892709766200,0.000000366502209762129,0.000000000068164193228,0.875051603137471000000
813,0.009324165805275200000,0.000053411279229711100,0.000000419340621671584,0.000000000067574491656,0.872039508891029000000
814,0.007490737622094980000,0.000047108665749656100,0.000000472191276030508,0.000000000066985944100,0.869012124826078000000
815,0.005657425581584420000,0.000040806052269601100,0.000000525041930389432,0.000000000066397396543,0.866000030579637000000
816,0.004885425256384940000,0.000036762035763411300,0.000000488167672587931,0.000000000065995799386,0.862865617785117000000
817,0.004113424931185470000,0.000032718019257221500,0.000000451293414786431,0.000000000065595356244,0.859746494809107000000
818,0.003341424605985990000,0.000028674002751031600,0.000000414419156984930,0.000000000065194913103,0.856612082014586000000
819,0.002569540423456170000,0.000024629986244841800,0.000000377544899183429,0.000000000064794469961,0.853477669220066000000
820,0.001797540098256700000,0.000020585969738652000,0.000000340658398932458,0.000000000064394026819,0.850343256425546000000
821,0.001593709713011460000,0.000020741403026134800,0.000000775865235116242,0.000000083481431901586,0.845633992324511000000
822,0.001389995470435880000,0.000020898211829436000,0.000001211072071300030,0.000000166893622914118,0.840909438404966000000
823,0.001186165085190650000,0.000021053645116918800,0.000001646242180135400,0.000000250317354074826,0.836184884485421000000
824,0.000982404385547206000,0.000021209078404401700,0.000002081461258768650,0.000000333729545087359,0.831475620384386000000
825,0.000778620457369833000,0.000021364511691884500,0.000002516680337401910,0.000000417141736099892,0.826751066464841000000
826,0.000710537624417835000,0.000023683631361760700,0.000002148794730849750,0.000000361252798485933,0.822255859822944000000
827,0.000642443177198871000,0.000026002751031636900,0.000001781031548792280,0.000000305352320723798,0.817745363362537000000
828,0.000574348729979907000,0.000028320495185694600,0.000001413268366734820,0.000000249463383109839,0.813234866902130000000
829,0.000506265897027909000,0.000030639614855570800,0.000001045395002632130,0.000000193562905347705,0.808739660260233000000
830,0.000438171449808945000,0.000032957359009628600,0.000000677570608327314,0.000000137662427585570,0.804229163799826000000
831,0.000425546741617403000,0.000032627235213204900,0.000000614277144571086,0.000000110144944261084,0.801278228827424000000
832,0.000412910419158895000,0.000032295735900962900,0.000000550983680814857,0.000000082623998892146,0.798327293855022000000
833,0.000400285710967352000,0.000031964236588720800,0.000000487702459508098,0.000000055104207538025,0.795376358882620000000
834,0.000387661002775810000,0.000031632737276478700,0.000000424408995751870,0.000000027583262169086,0.792425423910218000000
835,0.000375036294584267000,0.000031302613480055000,0.000000361115531995642,0.000000000063049599557,0.789489778756326000000
836,0.000368114191472805000,0.000032176066024759300,0.000000543381119694428,0.000000056961017379463,0.786966958702200000000
837,0.000361180474094377000,0.000033049518569463500,0.000000725646707393215,0.000000113858563943961,0.784459428466584000000
838,0.000354258370982915000,0.000033922971114167800,0.000000907912295092002,0.000000170759572552912,0.781951898230968000000
839,0.000347336267871453000,0.000034796423658872100,0.000001090177882790790,0.000000227652503058139,0.779444367995352000000
840,0.000340414164759991000,0.000035669876203576300,0.000001272480197837980,0.000000284545433563367,0.776921547941226000000
841,0.000337510598018606000,0.000039581843191196700,0.000001090165640341320,0.000000297770443372493,0.773710686054156000000
842,0.000334618645544186000,0.000043492434662998600,0.000000907900052642533,0.000000310995453181619,0.770499824167087000000
843,0.000331715078802801000,0.000047404401650619000,0.000000725622222494277,0.000000324220462990745,0.767273672461508000000
844,0.000328811512061416000,0.000051314993122420900,0.000000543344392346021,0.000000337445472799871,0.764062810574438000000
845,0.000325919559586997000,0.000055226960110041300,0.000000361078804647234,0.000000350670482608997,0.760836658868859000000
846,0.000333898560992323000,0.000051740027510316400,0.000001551118347759020,0.000000337306991021765,0.757549347889241000000
847,0.000341877562397649000,0.000048253094910591500,0.000002741084436173990,0.000000323931959286357,0.754262036909622000000
848,0.000349868178069941000,0.000044766162310866600,0.000003931050524588960,0.000000310568467699125,0.750974725930003000000
849,0.000357847179475267000,0.000041279229711141700,0.000005121016613003930,0.000000297193435963718,0.747687414950384000000
850,0.000365837795147559000,0.000037792297111416800,0.000006310982701418900,0.000000283829944376486,0.744400103970766000000
851,0.000352191031463049000,0.000034243466299862400,0.000005264375696289310,0.000000281868119186650,0.740271852973105000000
852,0.000338555882045505000,0.000030696011004126600,0.000004217768691159730,0.000000279894753848639,0.736128312156935000000
853,0.000324909118360995000,0.000027147180192572200,0.000003171284110524830,0.000000277932928658804,0.732000061159274000000
854,0.000311262354676485000,0.000023598349381017900,0.000002124677105395250,0.000000275971103468969,0.727856520343104000000
855,0.000297627205258940000,0.000020050894085282000,0.000001078045615366720,0.000000274009278279133,0.723712979526933000000
856,0.000285896795623744000,0.000018163686382393400,0.000000911254483797118,0.000000294943107069495,0.718667339418681000000
857,0.000274166385988548000,0.000016276478679504800,0.000000744475594676983,0.000000315888476008032,0.713606409491919000000
858,0.000262447590620318000,0.000014390646492434700,0.000000577684463107379,0.000000336833844946569,0.708560769383667000000
859,0.000250717180985122000,0.000012503163686382400,0.000000410893331537774,0.000000357779213885106,0.703499839456906000000
860,0.000238986771349926000,0.000010616368638239300,0.000000244114442417639,0.000000378724582823643,0.698454199348654000000
861,0.000241007653801930000,0.000010185419532324600,0.000000330093165040461,0.000000400108477392850,0.693102762870205000000
862,0.000243016921986969000,0.000009754332874828060,0.000000416084130112753,0.000000421492371962056,0.687766616210266000000
863,0.000245037804438973000,0.000009323383768913340,0.000000502075095185045,0.000000442876266531262,0.682415179731817000000
864,0.000247058686890977000,0.000008892297111416780,0.000000588053817807867,0.000000464260161100469,0.677063743253368000000
865,0.000249079569342981000,0.000008461348005502060,0.000000674044782880159,0.000000485644055669675,0.671727596593428000000
866,0.000241460610213586000,0.000008989270976616230,0.000000539243171773809,0.000000460082627460937,0.666177392474351000000
867,0.000233853265351157000,0.000009517331499312240,0.000000404453803116928,0.000000434509659104023,0.660627188355274000000
868,0.000226245920488728000,0.000010045254470426400,0.000000269652192010577,0.000000408948230895285,0.655092274054707000000
869,0.000218626961359334000,0.000010573314993122400,0.000000134850580904227,0.000000383386802686547,0.649542069935630000000
870,0.000211019616496905000,0.000011101237964236600,0.000000000054527869936,0.000000357813834329633,0.643991865816553000000
871,0.000207546950674208000,0.000013641678129298500,0.000000000053768838069,0.000000373462275255614,0.636408115835665000000
872,0.000204085899118477000,0.000016181568088033000,0.000000000053008581957,0.000000389110716181596,0.628824365854777000000
873,0.000200613233295781000,0.000018722145804676800,0.000000000052248325845,0.000000404770697255753,0.621240615873890000000
874,0.000197140567473084000,0.000021262723521320500,0.000000000051489293978,0.000000420419138181734,0.613656865893002000000
875,0.000193667901650387000,0.000023803301237964200,0.000000000050729037866,0.000000436067579107716,0.606073115912114000000
876,0.000203656171240752000,0.000025220082530949100,0.000002604213851107330,0.000002626999330671410,0.598718713208874000000
877,0.000213632826564151000,0.000026636863823934000,0.000005208305277719970,0.000004818011863272320,0.591364310505634000000
878,0.000223621096154516000,0.000028053645116918800,0.000007812396704332600,0.000007008908994391490,0.584009907802394000000
879,0.000233609365744881000,0.000029470426409903700,0.000010416610555439900,0.000009199921526992410,0.576655505099154000000
880,0.000243586021068280000,0.000030887207702888600,0.000013021069255536600,0.000011390818658111600,0.569301102395915000000
881,0.000239741698702686000,0.000028396148555708400,0.000012784789980779400,0.000011060770420292200,0.565019953213155000000
882,0.000235885762070127000,0.000025903713892709800,0.000012549734950969000,0.000010730722182472800,0.560754093848906000000
883,0.000232041439704533000,0.000023412654745529600,0.000012313455676211700,0.000010400558543171700,0.556488234484657000000
884,0.000228197117338939000,0.000020920220082530900,0.000012078278221906600,0.000010070510305352300,0.552207085301897000000
885,0.000224341180706380000,0.000018429160935350800,0.000011842611069622800,0.000009740462067532950,0.547941225937648000000
886,0.000217186792255607000,0.000017920220082530900,0.000010971928063366900,0.000009050707411083160,0.543675366573399000000
887,0.000210044018071799000,0.000017411279229711100,0.000010101245057111000,0.000008360952754633370,0.539424797027659000000
888,0.000202889629621026000,0.000016903713892709800,0.000009230562050855140,0.000007671313499665340,0.535174227481920000000
889,0.000195735241170254000,0.000016394773039890000,0.000008359879044599240,0.000006981558843215550,0.530908368117670000000
890,0.000188580852719481000,0.000015885832187070200,0.000007489196038343350,0.000006291919588247510,0.526657798571931000000
891,0.000191542490795693000,0.000015341127922971100,0.000007468506298740250,0.000006676668128418770,0.519823249698026000000
892,0.000194504128871906000,0.000014795048143053600,0.000007447816559137150,0.000007061532070071780,0.512988700824121000000
893,0.000197465766948119000,0.000014250343878954600,0.000007427249244028750,0.000007446280610243040,0.506154151950216000000
894,0.000200427405024332000,0.000013704676753782700,0.000007406559504425650,0.000007831144551896050,0.499319603076312000000
895,0.000203389043100545000,0.000013159422283356300,0.000007385992189317240,0.000008215893092067300,0.492485054202407000000
896,0.000206559737982137000,0.000013014442916093500,0.000007268709523401440,0.000007769404759157110,0.487577022460743000000
897,0.000209730432863730000,0.000012869463548830800,0.000007151549281980340,0.000007322916426246910,0.482668990719080000000
898,0.000212912742012288000,0.000012724621733149900,0.000007034389040559240,0.000006876428093336720,0.477760958977417000000
899,0.000216083436893880000,0.000012579642365887200,0.000006917228799138130,0.000006430055161908280,0.472852927235754000000
900,0.000219254131775473000,0.000012434662998624500,0.000006800068557717030,0.000005983566828998080,0.467944895494090000000
901,0.000212808213609598000,0.000012552132049518600,0.000006974401038159720,0.000006541994599210650,0.465085699432748000000
902,0.000206350681176758000,0.000012669601100412700,0.000007148733518602400,0.000007100422369423220,0.462226503371405000000
903,0.000199893148743917000,0.000012787070151306700,0.000007323065999045090,0.000007658965541117550,0.459367307310062000000
904,0.000193435616311077000,0.000012904539202200800,0.000007497398479487780,0.000008217393311330120,0.456508111248719000000
905,0.000186978083878236000,0.000013022008253094900,0.000007671730959930460,0.000008775821081542690,0.453648915187377000000
906,0.000189324165805275000,0.000013035213204951900,0.000007368240637586770,0.000008689154568744660,0.450835588581564000000
907,0.000191681861999280000,0.000013048418156808800,0.000007064750315243070,0.000008602488055946640,0.448022261975750000000
908,0.000194027943926319000,0.000013061760660247600,0.000006761259992899380,0.000008515706141666860,0.445208935369937000000
909,0.000196374025853358000,0.000013074965612104500,0.000006457769670555690,0.000008429039628868830,0.442395608764124000000
910,0.000198731722047363000,0.000013088170563961500,0.000006154279348211990,0.000008342373116070810,0.439582282158311000000
911,0.000203052229358544000,0.000013140577716643700,0.000006172030899942460,0.000008186004108292750,0.435759827530847000000
912,0.000207372736669725000,0.000013192984869326000,0.000006189782451672930,0.000008029750501996450,0.431937372903384000000
913,0.000211704858247872000,0.000013245254470426400,0.000006207656427898090,0.000007873496895700140,0.428130208094430000000
914,0.000216025365559053000,0.000013297661623108700,0.000006225407979628560,0.000007717243289403840,0.424307753466966000000
915,0.000220357487137199000,0.000013350068775790900,0.000006243159531359030,0.000007560989683107530,0.420485298839503000000
916,0.000218534047223609000,0.000012963273727647900,0.000006114246538447410,0.000007170932674775540,0.403666498478663000000
917,0.000216710607310020000,0.000012576341127923000,0.000005985333545535790,0.000006780991067925310,0.386832408299313000000
918,0.000214898781663395000,0.000012189546079779900,0.000005856420552624170,0.000006391049461075080,0.370013607938474000000
919,0.000213075341749805000,0.000011802751031636900,0.000005727507559712550,0.000006001107854224850,0.353194807577634000000
920,0.000211263516103181000,0.000011415818431912000,0.000005598594566800930,0.000005611050845892860,0.336360717398284000000
921,0.000210450517415593000,0.000011033700137551600,0.000005596268501401760,0.000005208761280494840,0.295674510343562000000
922,0.000209637518728005000,0.000010651581843191200,0.000005593942436002600,0.000004806356313615070,0.254988303288840000000
923,0.000208824520040418000,0.000010269463548830800,0.000005591738795098120,0.000004404066748217050,0.214302096234118000000
924,0.000208011521352830000,0.000009887207702888580,0.000005589412729698960,0.000004001777182819030,0.173615889179395000000
925,0.000207210136932208000,0.000009505089408528200,0.000005587086664299790,0.000003599372215939250,0.132926624160971000000
926,0.000202192773603094000,0.000009245116918844570,0.000005377740778374940,0.000003480970295658600,0.111132516857025000000
927,0.000197175410273981000,0.000008985281980742780,0.000005168394892450080,0.000003362452973896180,0.089338409553078600000
928,0.000192169661211833000,0.000008725309491059150,0.000004959049006525230,0.000003243935652133770,0.067544302249132300000
929,0.000187152297882719000,0.000008465474552957360,0.000004749703120600370,0.000003125533731853120,0.045750194945186000000
930,0.000182146548820571000,0.000008205502063273730,0.000004540357234675510,0.000003007016410090710,0.023956087641239700000
931,0.000181089650526707000,0.000007917469050894080,0.000004466902537859780,0.000002780252498442080,0.019921104536489200000
932,0.000180021137965877000,0.000007629298486932600,0.000004393447841044040,0.000002553373185311700,0.015884592449887600000
933,0.000178964239672013000,0.000007341265474552960,0.000004319870719733600,0.000002326493872181320,0.011849609345137100000
934,0.000177907341378149000,0.000007053232462173320,0.000004246416022917870,0.000002099614559050940,0.007814167545831230000
935,0.000176850443084285000,0.000006765061898211830,0.000004172838901607430,0.000001872735245920560,0.003778725746525390000
936,0.000173215177524071000,0.000006780880330123800,0.000004030581638774290,0.000001871350428139500,0.003214531443511770000
937,0.000169591526230822000,0.000006796698762035760,0.000003888201951446450,0.000001869965610358440,0.002650337140498140000
938,0.000165956260670608000,0.000006812517193947730,0.000003745944688613300,0.000001868580792577380,0.002086142837484520000
939,0.000162332609377359000,0.000006828335625859700,0.000003603565001285460,0.000001867195974796320,0.001522009693744940000
940,0.000158697343817145000,0.000006844154057771660,0.000003461307738452310,0.000001865811157015260,0.000957830680549822000
941,0.000159440656902940000,0.000006722833562585970,0.000003302033470856850,0.000001760218801209410,0.000838417197987860000
942,0.000160172355721769000,0.000006601375515818430,0.000003142759203261390,0.000001654626445403560,0.000719003715425898000
943,0.000160915668807563000,0.000006480055020632740,0.000002983607360160620,0.000001549149491079470,0.000599590232863936000
944,0.000161647367626392000,0.000006358596973865200,0.000002824333092565160,0.000001443557135273620,0.000480176750301974000
945,0.000162390680712187000,0.000006237276478679510,0.000002665058824969700,0.000001337964779467770,0.000360747977921502000
946,0.000158174701803696000,0.000005931636863823930,0.000002654530318426110,0.000001368430770651100,0.000376664678990260000
947,0.000153970337162170000,0.000005625997248968360,0.000002643879387387830,0.000001398896761834420,0.000392596669877529000
948,0.000149754358253679000,0.000005320357634112790,0.000002633350880844240,0.000001429362753017750,0.000408513370946287000
949,0.000145549993612153000,0.000005014855570839060,0.000002622822374300650,0.000001459944145682830,0.000424430072015045000
950,0.000141345628970628000,0.000004709215955983490,0.000002612293867757060,0.000001490410136866160,0.000440346773083804000
951,0.000138023948618483000,0.000004833425034387900,0.000002493786956894340,0.000001469176264223230,0.000375089827683745000
952,0.000134702268266338000,0.000004957634112792300,0.000002375402470526300,0.000001447826990098550,0.000309817592465177000
953,0.000131380587914194000,0.000005081843191196700,0.000002257017984158270,0.000001426593117455630,0.000244560647065119000
954,0.000128070521829015000,0.000005206052269601100,0.000002138633497790240,0.000001405359244812700,0.000179303701665061000
955,0.000124748841476870000,0.000005330261348005500,0.000002020126586927510,0.000001384125372169780,0.000114039111355748000
956,0.000126734881127978000,0.000005718294360385140,0.000001966627082746720,0.000001302536524568980,0.000098842560738804000
957,0.000128732535046051000,0.000006106464924346630,0.000001913127578565920,0.000001220947676968170,0.000083647539103710800
958,0.000130718574697158000,0.000006494497936726270,0.000001859628074385120,0.000001139324208922840,0.000068450988486766700
959,0.000132704614348265000,0.000006882530949105910,0.000001806006145709630,0.000001057712281025690,0.000053255966851673500
960,0.000134702268266338000,0.000007270563961485560,0.000001752506641528840,0.000000976100353128534,0.000038060945216580300
961,0.000129801047606880000,0.000007735488308115540,0.000001748589057698660,0.000000935698294366100,0.000033470941699922000
962,0.000124888212680457000,0.000008200412654745530,0.000001744671473868490,0.000000895296235603665,0.000028880938183263800
963,0.000119986992020999000,0.000008665199449793670,0.000001740753890038320,0.000000854894176841231,0.000024290934666605500
964,0.000115083448508147000,0.000009130123796423660,0.000001736713881713450,0.000000814503658226972,0.000019700931149947200
965,0.000110178743568600000,0.000009595048143053640,0.000001732796297883280,0.000000774101599464537,0.000015111233429659200
966,0.000106418043925158000,0.000009896836313617610,0.000001743936926900330,0.000000835264384794701,0.000013568796538385100
967,0.000102657344281716000,0.000010198762035763400,0.000001755077555917390,0.000000896415629976689,0.000012026359647111000
968,0.000098896644638273700,0.000010500687757909200,0.000001766340609429130,0.000000957578415306853,0.000010484075654022000
969,0.000095135944994831600,0.000010802475928473200,0.000001777481238446190,0.000001018729660488840,0.000008941638762747890
970,0.000091376406778086200,0.000011104401650619000,0.000001788621867463240,0.000001079892445819000,0.000007399354769658880
971,0.000092371749457033000,0.000010952682255845900,0.000001750303000624370,0.000001047741593002050,0.000006675534761402380
972,0.000093368253562676400,0.000010800962861072900,0.000001712106558280180,0.000001015579200036930,0.000005951714753145880
973,0.000094364757668319700,0.000010649243466299900,0.000001673787691441300,0.000000983428347219978,0.000005227894744889380
974,0.000095361261773963100,0.000010497524071526800,0.000001635468824602430,0.000000951265954254853,0.000004504074736632880
975,0.000096356604452909900,0.000010345804676753800,0.000001597272382258240,0.000000919115101437903,0.000003780254728376370
976,0.000093159196757296600,0.000009735900962861070,0.000001511330386983830,0.000000888175964179380,0.000003442808433863890
977,0.000089960627634986800,0.000009126134800550210,0.000001425388391709410,0.000000857236826920858,0.000003105209241166310
978,0.000086762058512677000,0.000008516231086657500,0.000001339446396435000,0.000000826297689662335,0.000002767762946653820
979,0.000083563489390367100,0.000007906327372764790,0.000001253504401160580,0.000000795358552403813,0.000002430316652141340
980,0.000080364920268057300,0.000007296561210453920,0.000001167623618133520,0.000000764419415145290,0.000002092870357628850
981,0.000077748225920721000,0.000006765612104539200,0.000001165787250713120,0.000000718766588963002,0.000001939819274345210
982,0.000075132693000081300,0.000006234525447042640,0.000001163963125742200,0.000000673113762780714,0.000001786768191061570
983,0.000072515998652745000,0.000005703576341127920,0.000001162126758321810,0.000000627472476746601,0.000001633870005963030
984,0.000069899304305408800,0.000005172627235213210,0.000001160290390901410,0.000000581819650564313,0.000001480788343042370
985,0.000067283771384769000,0.000004641678129298490,0.000001158454023481020,0.000000536166824382025,0.000001327767839395750
986,0.000070208243806692100,0.000004243603851444290,0.000001146407453203240,0.000000531873889260738,0.000001234897481766890
987,0.000073133877655311800,0.000003845392022008250,0.000001134373125374930,0.000000527592494287627,0.000001142011834319530
988,0.000076058350077234900,0.000003447317744154060,0.000001122326555097140,0.000000523299559166340,0.000001049141476690670
989,0.000078983983925854500,0.000003049243466299860,0.000001110279984819360,0.000000519006624045053,0.000000956271119061817
990,0.000081908456347777600,0.000002651169188445670,0.000001098233414541580,0.000000514713688923766,0.000000863385471614452
991,0.000077402120765147900,0.000002633149931224210,0.000001099065901105490,0.000000545329702033374,0.000000822928611837378
992,0.000072895785182518200,0.000002615130674002750,0.000001099898387669410,0.000000575945715142982,0.000000782456462241793
993,0.000068389449599888500,0.000002597111416781290,0.000001100730874233320,0.000000606561728252591,0.000000741984312646209
994,0.000063883114017258800,0.000002579092159559840,0.000001101575603246700,0.000000637177741362199,0.000000701527452869134
995,0.000059376778434629100,0.000002561072902338380,0.000001102408089810610,0.000000667793754471807,0.000000661055303273550
996,0.000059530086758574200,0.000002523246217331500,0.000001104036335590030,0.000000602753479354675,0.000000629894653150467
997,0.000059683395082519400,0.000002485557083906460,0.000001105664581369440,0.000000537701664089367,0.000000598734003027384
998,0.000059836703406464500,0.000002447730398899590,0.000001107292827148860,0.000000472661388972234,0.000000567588642722811
999,0.000059991173157106200,0.000002410041265474550,0.000001108921072928270,0.000000407609573706926,0.000000536427992599728
1000,0.000060144481481051300,0.000002372214580467680,0.000001110561561157160,0.000000342557758441618,0.000000505267342476645
