SR_WL,S2A_SR_AV_B1,S2A_SR_AV_B2,S2A_SR_AV_B3,S2A_SR_AV_B4,S2A_SR_AV_B5,S2A_SR_AV_B6,S2A_SR_AV_B7,S2A_SR_AV_B8,S2A_SR_AV_B8A,S2A_SR_AV_B9,S2A_SR_AV_B10,S2A_SR_AV_B11,S2A_SR_AV_B12
300,0,0,0,0,0,0,0,0,0,0,0,0,0
301,0,0,0,0,0,0,0,0,0,0,0,0,0
302,0,0,0,0,0,0,0,0,0,0,0,0,0
303,0,0,0,0,0,0,0,0,0,0,0,0,0
304,0,0,0,0,0,0,0,0,0,0,0,0,0
305,0,0,0,0,0,0,0,0,0,0,0,0,0
306,0,0,0,0,0,0,0,0,0,0,0,0,0
307,0,0,0,0,0,0,0,0,0,0,0,0,0
308,0,0,0,0,0,0,0,0,0,0,0,0,0
309,0,0,0,0,0,0,0,0,0,0,0,0,0
310,0,0,0,0,0,0,0,0,0,0,0,0,0
311,0,0,0,0,0,0,0,0,0,0,0,0,0
312,0,0,0,0,0,0,0,0,0,0,0,0,0
313,0,0,0,0,0,0,0,0,0,0,0,0,0
314,0,0,0,0,0,0,0,0,0,0,0,0,0
315,0,0,0,0,0,0,0,0,0,0,0,0,0
316,0,0,0,0,0,0,0,0,0,0,0,0,0
317,0,0,0,0,0,0,0,0,0,0,0,0,0
318,0,0,0,0,0,0,0,0,0,0,0,0,0
319,0,0,0,0,0,0,0,0,0,0,0,0,0
320,0,0,0,0,0,0,0,0,0,0,0,0,0
321,0,0,0,0,0,0,0,0,0,0,0,0,0
322,0,0,0,0,0,0,0,0,0,0,0,0,0
323,0,0,0,0,0,0,0,0,0,0,0,0,0
324,0,0,0,0,0,0,0,0,0,0,0,0,0
325,0,0,0,0,0,0,0,0,0,0,0,0,0
326,0,0,0,0,0,0,0,0,0,0,0,0,0
327,0,0,0,0,0,0,0,0,0,0,0,0,0
328,0,0,0,0,0,0,0,0,0,0,0,0,0
329,0,0,0,0,0,0,0,0,0,0,0,0,0
330,0,0,0,0,0,0,0,0,0,0,0,0,0
331,0,0,0,0,0,0,0,0,0,0,0,0,0
332,0,0,0,0,0,0,0,0,0,0,0,0,0
333,0,0,0,0,0,0,0,0,0,0,0,0,0
334,0,0,0,0,0,0,0,0,0,0,0,0,0
335,0,0,0,0,0,0,0,0,0,0,0,0,0
336,0,0,0,0,0,0,0,0,0,0,0,0,0
337,0,0,0,0,0,0,0,0,0,0,0,0,0
338,0,0,0,0,0,0,0,0,0,0,0,0,0
339,0,0,0,0,0,0,0,0,0,0,0,0,0
340,0,0,0,0,0,0,0,0,0,0,0,0,0
341,0,0,0,0,0,0,0,0,0,0,0,0,0
342,0,0,0,0,0,0,0,0,0,0,0,0,0
343,0,0,0,0,0,0,0,0,0,0,0,0,0
344,0,0,0,0,0,0,0,0,0,0,0,0,0
345,0,0,0,0,0,0,0,0,0,0,0,0,0
346,0,0,0,0,0,0,0,0,0,0,0,0,0
347,0,0,0,0,0,0,0,0,0,0,0,0,0
348,0,0,0,0,0,0,0,0,0,0,0,0,0
349,0,0,0,0,0,0,0,0,0,0,0,0,0
350,0,0,0,0,0,0,0,0,0,0,0,0,0
351,0,0,0,0,0,0,0,0,0,0,0,0,0
352,0,0,0,0,0,0,0,0,0,0,0,0,0
353,0,0,0,0,0,0,0,0,0,0,0,0,0
354,0,0,0,0,0,0,0,0,0,0,0,0,0
355,0,0,0,0,0,0,0,0,0,0,0,0,0
356,0,0,0,0,0,0,0,0,0,0,0,0,0
357,0,0,0,0,0,0,0,0,0,0,0,0,0
358,0,0,0,0,0,0,0,0,0,0,0,0,0
359,0,0,0,0,0,0,0,0,0,0,0,0,0
360,0,0,0,0,0,0,0,0,0,0,0,0,0
361,0,0,0,0,0,0,0,0,0,0,0,0,0
362,0,0,0,0,0,0,0,0,0,0,0,0,0
363,0,0,0,0,0,0,0,0,0,0,0,0,0
364,0,0,0,0,0,0,0,0,0,0,0,0,0
365,0,0,0,0,0,0,0,0,0,0,0,0,0
366,0,0,0,0,0,0,0,0,0,0,0,0,0
367,0,0,0,0,0,0,0,0,0,0,0,0,0
368,0,0,0,0,0,0,0,0,0,0,0,0,0
369,0,0,0,0,0,0,0,0,0,0,0,0,0
370,0,0,0,0,0,0,0,0,0,0,0,0,0
371,0,0,0,0,0,0,0,0,0,0,0,0,0
372,0,0,0,0,0,0,0,0,0,0,0,0,0
373,0,0,0,0,0,0,0,0,0,0,0,0,0
374,0,0,0,0,0,0,0,0,0,0,0,0,0
375,0,0,0,0,0,0,0,0,0,0,0,0,0
376,0,0,0,0,0,0,0,0,0,0,0,0,0
377,0,0,0,0,0,0,0,0,0,0,0,0,0
378,0,0,0,0,0,0,0,0,0,0,0,0,0
379,0,0,0,0,0,0,0,0,0,0,0,0,0
380,0,0,0,0,0,0,0,0,0,0,0,0,0
381,0,0,0,0,0,0,0,0,0,0,0,0,0
382,0,0,0,0,0,0,0,0,0,0,0,0,0
383,0,0,0,0,0,0,0,0,0,0,0,0,0
384,0,0,0,0,0,0,0,0,0,0,0,0,0
385,0,0,0,0,0,0,0,0,0,0,0,0,0
386,0,0,0,0,0,0,0,0,0,0,0,0,0
387,0,0,0,0,0,0,0,0,0,0,0,0,0
388,0,0,0,0,0,0,0,0,0,0,0,0,0
389,0,0,0,0,0,0,0,0,0,0,0,0,0
390,0,0,0,0,0,0,0,0,0,0,0,0,0
391,0,0,0,0,0,0,0,0,0,0,0,0,0
392,0,0,0,0,0,0,0,0,0,0,0,0,0
393,0,0,0,0,0,0,0,0,0,0,0,0,0
394,0,0,0,0,0,0,0,0,0,0,0,0,0
395,0,0,0,0,0,0,0,0,0,0,0,0,0
396,0,0,0,0,0,0,0,0,0,0,0,0,0
397,0,0,0,0,0,0,0,0,0,0,0,0,0
398,0,0,0,0,0,0,0,0,0,0,0,0,0
399,0,0,0,0,0,0,0,0,0,0,0,0,0
400,0,0,0,0,0,0,0,0,0,0,0,0,0
401,0,0,0,0,0,0,0,0,0,0,0,0,0
402,0,0,0,0,0,0,0,0,0,0,0,0,0
403,0,0,0,0,0,0,0,0,0,0,0,0,0
404,0,0,0,0,0,0,0,0,0,0,0,0,0
405,0,0,0,0,0,0,0,0,0,0,0,0,0
406,0,0,0,0,0,0,0,0,0,0,0,0,0
407,0,0,0,0,0,0,0,0,0,0,0,0,0
408,0,0,0,0,0,0,0,0,0,0,0,0,0
409,0,0,0,0,0,0,0,0,0,0,0,0,0
410,0,0,0,0,0,0,0,0,0,0,0,0,0
411,0,0,0,0,0,0,0,0,0,0,0,0,0
412,0.001775742,0,0,0,0,0,0,0,0,0,0,0,0
413,0.004073061,0,0,0,0,0,0,0,0,0,0,0,0
414,0.003626143,0,0,0,0,0,0,0,0,0,0,0,0
415,0.003515199,0,0,0,0,0,0,0,0,0,0,0,0
416,0.005729163,0,0,0,0,0,0,0,0,0,0,0,0
417,0.003780292,0,0,0,0,0,0,0,0,0,0,0,0
418,0.002636732,0,0,0,0,0,0,0,0,0,0,0,0
419,0.001262113,0,0,0,0,0,0,0,0,0,0,0,0
420,0.001987583,0,0,0,0,0,0,0,0,0,0,0,0
421,0.001368913,0,0,0,0,0,0,0,0,0,0,0,0
422,0.001250444,0,0,0,0,0,0,0,0,0,0,0,0
423,0.000463454,0,0,0,0,0,0,0,0,0,0,0,0
424,0.000814293,0,0,0,0,0,0,0,0,0,0,0,0
425,0.001376431,0,0,0,0,0,0,0,0,0,0,0,0
426,0.001485086,0,0,0,0,0,0,0,0,0,0,0,0
427,0.001823735,0,0,0,0,0,0,0,0,0,0,0,0
428,0.001626817,0,0,0,0,0,0,0,0,0,0,0,0
429,0.004392062,0,0,0,0,0,0,0,0,0,0,0,0
430,0.029008099,0,0,0,0,0,0,0,0,0,0,0,0
431,0.118745933,0,0,0,0,0,0,0,0,0,0,0,0
432,0.323875058,0,0,0,0,0,0,0,0,0,0,0,0
433,0.572819207,0,0,0,0,0,0,0,0,0,0,0,0
434,0.714727494,0,0,0,0,0,0,0,0,0,0,0,0
435,0.761967778,0,0,0,0,0,0,0,0,0,0,0,0
436,0.789297016,0,0,0,0,0,0,0,0,0,0,0,0
437,0.808623866,0,0,0,0,0,0,0,0,0,0,0,0
438,0.810893815,0,0,0,0,0,0,0,0,0,0,0,0
439,0.824198756,0.010315429,0,0,0,0,0,0,0,0,0,0,0
440,0.854158107,0.030041933,0,0,0,0,0,0,0,0,0,0,0
441,0.870790877,0.026875891,0,0,0,0,0,0,0,0,0,0,0
442,0.887310969,0.02414315,0,0,0,0,0,0,0,0,0,0,0
443,0.926199242,0.020210064,0,0,0,0,0,0,0,0,0,0,0
444,0.982281495,0.022693489,0,0,0,0,0,0,0,0,0,0,0
445,1,0.024564087,0,0,0,0,0,0,0,0,0,0,0
446,0.975238202,0.016667005,0,0,0,0,0,0,0,0,0,0,0
447,0.93596338,0.021413132,0,0,0,0,0,0,0,0,0,0,0
448,0.889971481,0.016144221,0,0,0,0,0,0,0,0,0,0,0
449,0.850210477,0.021307208,0,0,0,0,0,0,0,0,0,0,0
450,0.825694526,0.018466093,0,0,0,0,0,0,0,0,0,0,0
451,0.783902388,0.018185017,0,0,0,0,0,0,0,0,0,0,0
452,0.614174215,0.017679055,0,0,0,0,0,0,0,0,0,0,0
453,0.330071087,0.019114826,0,0,0,0,0,0,0,0,0,0,0
454,0.124108313,0.019246427,0,0,0,0,0,0,0,0,0,0,0
455,0.04365694,0.027395745,0,0,0,0,0,0,0,0,0,0,0
456,0.014749595,0.042555308,0,0,0,0,0,0,0,0,0,0,0
457,0,0.072298295,0,0,0,0,0,0,0,0,0,0,0
458,0,0.153743222,0,0,0,0,0,0,0,0,0,0,0
459,0,0.32799225,0,0,0,0,0,0,0,0,0,0,0
460,0,0.553367878,0,0,0,0,0,0,0,0,0,0,0
461,0,0.710111663,0,0,0,0,0,0,0,0,0,0,0
462,0,0.752851788,0,0,0,0,0,0,0,0,0,0,0
463,0,0.75232691,0,0,0,0,0,0,0,0,0,0,0
464,0,0.756680807,0,0,0,0,0,0,0,0,0,0,0
465,0,0.763269482,0,0,0,0,0,0,0,0,0,0,0
466,0,0.76239425,0,0,0,0,0,0,0,0,0,0,0
467,0,0.785251503,0,0,0,0,0,0,0,0,0,0,0
468,0,0.815466688,0,0,0,0,0,0,0,0,0,0,0
469,0,0.861791756,0,0,0,0,0,0,0,0,0,0,0
470,0,0.892825992,0,0,0,0,0,0,0,0,0,0,0
471,0,0.919522103,0,0,0,0,0,0,0,0,0,0,0
472,0,0.919006495,0,0,0,0,0,0,0,0,0,0,0
473,0,0.913157536,0,0,0,0,0,0,0,0,0,0,0
474,0,0.900353663,0,0,0,0,0,0,0,0,0,0,0
475,0,0.889896935,0,0,0,0,0,0,0,0,0,0,0
476,0,0.882324603,0,0,0,0,0,0,0,0,0,0,0
477,0,0.876061177,0,0,0,0,0,0,0,0,0,0,0
478,0,0.884299872,0,0,0,0,0,0,0,0,0,0,0
479,0,0.906955442,0,0,0,0,0,0,0,0,0,0,0
480,0,0.932320853,0,0,0,0,0,0,0,0,0,0,0
481,0,0.939472521,0,0,0,0,0,0,0,0,0,0,0
482,0,0.943835429,0,0,0,0,0,0,0,0,0,0,0
483,0,0.922040861,0,0,0,0,0,0,0,0,0,0,0
484,0,0.886023105,0,0,0,0,0,0,0,0,0,0,0
485,0,0.847436088,0,0,0,0,0,0,0,0,0,0,0
486,0,0.812516871,0,0,0,0,0,0,0,0,0,0,0
487,0,0.782397097,0,0,0,0,0,0,0,0,0,0,0
488,0,0.7731087,0,0,0,0,0,0,0,0,0,0,0
489,0,0.772090538,0,0,0,0,0,0,0,0,0,0,0
490,0,0.787426523,0,0,0,0,0,0,0,0,0,0,0
491,0,0.812171771,0,0,0,0,0,0,0,0,0,0,0
492,0,0.846050519,0,0,0,0,0,0,0,0,0,0,0
493,0,0.887679959,0,0,0,0,0,0,0,0,0,0,0
494,0,0.927939973,0,0,0,0,0,0,0,0,0,0,0
495,0,0.950692347,0,0,0,0,0,0,0,0,0,0,0
496,0,0.965733107,0,0,0,0,0,0,0,0,0,0,0
497,0,0.969382533,0,0,0,0,0,0,0,0,0,0,0
498,0,0.965702943,0,0,0,0,0,0,0,0,0,0,0
499,0,0.95832003,0,0,0,0,0,0,0,0,0,0,0
500,0,0.954050638,0,0,0,0,0,0,0,0,0,0,0
501,0,0.951782684,0,0,0,0,0,0,0,0,0,0,0
502,0,0.956997215,0,0,0,0,0,0,0,0,0,0,0
503,0,0.965565145,0,0,0,0,0,0,0,0,0,0,0
504,0,0.977051397,0,0,0,0,0,0,0,0,0,0,0
505,0,0.977095739,0,0,0,0,0,0,0,0,0,0,0
506,0,0.974366055,0,0,0,0,0,0,0,0,0,0,0
507,0,0.959031834,0,0,0,0,0,0,0,0,0,0,0
508,0,0.935063176,0,0,0,0,0,0,0,0,0,0,0
509,0,0.90190134,0,0,0,0,0,0,0,0,0,0,0
510,0,0.871657924,0,0,0,0,0,0,0,0,0,0,0
511,0,0.844024435,0,0,0,0,0,0,0,0,0,0,0
512,0,0.822808519,0,0,0,0,0,0,0,0,0,0,0
513,0,0.815360426,0,0,0,0,0,0,0,0,0,0,0
514,0,0.820576391,0,0,0,0,0,0,0,0,0,0,0
515,0,0.839514898,0,0,0,0,0,0,0,0,0,0,0
516,0,0.86992171,0,0,0,0,0,0,0,0,0,0,0
517,0,0.915262055,0,0,0,0,0,0,0,0,0,0,0
518,0,0.960670278,0,0,0,0,0,0,0,0,0,0,0
519,0,0.991636995,0,0,0,0,0,0,0,0,0,0,0
520,0,1,0,0,0,0,0,0,0,0,0,0,0
521,0,0.98356097,0,0,0,0,0,0,0,0,0,0,0
522,0,0.91130763,0,0,0,0,0,0,0,0,0,0,0
523,0,0.740182556,0,0,0,0,0,0,0,0,0,0,0
524,0,0.503958576,0,0,0,0,0,0,0,0,0,0,0
525,0,0.305015502,0,0,0,0,0,0,0,0,0,0,0
526,0,0.180046045,0,0,0,0,0,0,0,0,0,0,0
527,0,0.107383424,0,0,0,0,0,0,0,0,0,0,0
528,0,0.06593592,0,0,0,0,0,0,0,0,0,0,0
529,0,0.042077455,0,0,0,0,0,0,0,0,0,0,0
530,0,0.026621288,0,0,0,0,0,0,0,0,0,0,0
531,0,0.0143396,0,0,0,0,0,0,0,0,0,0,0
532,0,0.002657787,0,0,0,0,0,0,0,0,0,0,0
533,0,0.000818224,0,0,0,0,0,0,0,0,0,0,0
534,0,0,0,0,0,0,0,0,0,0,0,0,0
535,0,0,0,0,0,0,0,0,0,0,0,0,0
536,0,0,0,0,0,0,0,0,0,0,0,0,0
537,0,0,0,0,0,0,0,0,0,0,0,0,0
538,0,0,0.014481812,0,0,0,0,0,0,0,0,0,0
539,0,0,0.034222507,0,0,0,0,0,0,0,0,0,0
540,0,0,0.073463348,0,0,0,0,0,0,0,0,0,0
541,0,0,0.154448431,0,0,0,0,0,0,0,0,0,0
542,0,0,0.316614247,0,0,0,0,0,0,0,0,0,0
543,0,0,0.553222787,0,0,0,0,0,0,0,0,0,0
544,0,0,0.748594059,0,0,0,0,0,0,0,0,0,0
545,0,0,0.848903056,0,0,0,0,0,0,0,0,0,0
546,0,0,0.897722157,0,0,0,0,0,0,0,0,0,0
547,0,0,0.921536798,0,0,0,0,0,0,0,0,0,0
548,0,0,0.925728454,0,0,0,0,0,0,0,0,0,0
549,0,0,0.911226879,0,0,0,0,0,0,0,0,0,0
550,0,0,0.888189237,0,0,0,0,0,0,0,0,0,0
551,0,0,0.865237556,0,0,0,0,0,0,0,0,0,0
552,0,0,0.84718187,0,0,0,0,0,0,0,0,0,0
553,0,0,0.838757201,0,0,0,0,0,0,0,0,0,0
554,0,0,0.844590812,0,0,0,0,0,0,0,0,0,0
555,0,0,0.862196533,0,0,0,0,0,0,0,0,0,0
556,0,0,0.888387136,0,0,0,0,0,0,0,0,0,0
557,0,0,0.924432355,0,0,0,0,0,0,0,0,0,0
558,0,0,0.96017974,0,0,0,0,0,0,0,0,0,0
559,0,0,0.986855165,0,0,0,0,0,0,0,0,0,0
560,0,0,1,0,0,0,0,0,0,0,0,0,0
561,0,0,0.998600802,0,0,0,0,0,0,0,0,0,0
562,0,0,0.980764717,0,0,0,0,0,0,0,0,0,0
563,0,0,0.945220892,0,0,0,0,0,0,0,0,0,0
564,0,0,0.898177804,0,0,0,0,0,0,0,0,0,0
565,0,0,0.855803233,0,0,0,0,0,0,0,0,0,0
566,0,0,0.818417342,0,0,0,0,0,0,0,0,0,0
567,0,0,0.788620476,0,0,0,0,0,0,0,0,0,0
568,0,0,0.764606533,0,0,0,0,0,0,0,0,0,0
569,0,0,0.749637446,0,0,0,0,0,0,0,0,0,0
570,0,0,0.75055111,0,0,0,0,0,0,0,0,0,0
571,0,0,0.761378883,0,0,0,0,0,0,0,0,0,0
572,0,0,0.782444788,0,0,0,0,0,0,0,0,0,0
573,0,0,0.798900864,0,0,0,0,0,0,0,0,0,0
574,0,0,0.810169565,0,0,0,0,0,0,0,0,0,0
575,0,0,0.814088864,0,0,0,0,0,0,0,0,0,0
576,0,0,0.773585961,0,0,0,0,0,0,0,0,0,0
577,0,0,0.628810649,0,0,0,0,0,0,0,0,0,0
578,0,0,0.403975549,0,0,0,0,0,0,0,0,0,0
579,0,0,0.215420982,0,0,0,0,0,0,0,0,0,0
580,0,0,0.107152815,0,0,0,0,0,0,0,0,0,0
581,0,0,0.047928768,0,0,0,0,0,0,0,0,0,0
582,0,0,0.01848693,0,0,0,0,0,0,0,0,0,0
583,0,0,0.001085875,0,0,0,0,0,0,0,0,0,0
584,0,0,0,0,0,0,0,0,0,0,0,0,0
585,0,0,0,0,0,0,0,0,0,0,0,0,0
586,0,0,0,0,0,0,0,0,0,0,0,0,0
587,0,0,0,0,0,0,0,0,0,0,0,0,0
588,0,0,0,0,0,0,0,0,0,0,0,0,0
589,0,0,0,0,0,0,0,0,0,0,0,0,0
590,0,0,0,0,0,0,0,0,0,0,0,0,0
591,0,0,0,0,0,0,0,0,0,0,0,0,0
592,0,0,0,0,0,0,0,0,0,0,0,0,0
593,0,0,0,0,0,0,0,0,0,0,0,0,0
594,0,0,0,0,0,0,0,0,0,0,0,0,0
595,0,0,0,0,0,0,0,0,0,0,0,0,0
596,0,0,0,0,0,0,0,0,0,0,0,0,0
597,0,0,0,0,0,0,0,0,0,0,0,0,0
598,0,0,0,0,0,0,0,0,0,0,0,0,0
599,0,0,0,0,0,0,0,0,0,0,0,0,0
600,0,0,0,0,0,0,0,0,0,0,0,0,0
601,0,0,0,0,0,0,0,0,0,0,0,0,0
602,0,0,0,0,0,0,0,0,0,0,0,0,0
603,0,0,0,0,0,0,0,0,0,0,0,0,0
604,0,0,0,0,0,0,0,0,0,0,0,0,0
605,0,0,0,0,0,0,0,0,0,0,0,0,0
606,0,0,0,0,0,0,0,0,0,0,0,0,0
607,0,0,0,0,0,0,0,0,0,0,0,0,0
608,0,0,0,0,0,0,0,0,0,0,0,0,0
609,0,0,0,0,0,0,0,0,0,0,0,0,0
610,0,0,0,0,0,0,0,0,0,0,0,0,0
611,0,0,0,0,0,0,0,0,0,0,0,0,0
612,0,0,0,0,0,0,0,0,0,0,0,0,0
613,0,0,0,0,0,0,0,0,0,0,0,0,0
614,0,0,0,0,0,0,0,0,0,0,0,0,0
615,0,0,0,0,0,0,0,0,0,0,0,0,0
616,0,0,0,0,0,0,0,0,0,0,0,0,0
617,0,0,0,0,0,0,0,0,0,0,0,0,0
618,0,0,0,0,0,0,0,0,0,0,0,0,0
619,0,0,0,0,0,0,0,0,0,0,0,0,0
620,0,0,0,0,0,0,0,0,0,0,0,0,0
621,0,0,0,0,0,0,0,0,0,0,0,0,0
622,0,0,0,0,0,0,0,0,0,0,0,0,0
623,0,0,0,0,0,0,0,0,0,0,0,0,0
624,0,0,0,0,0,0,0,0,0,0,0,0,0
625,0,0,0,0,0,0,0,0,0,0,0,0,0
626,0,0,0,0,0,0,0,0,0,0,0,0,0
627,0,0,0,0,0,0,0,0,0,0,0,0,0
628,0,0,0,0,0,0,0,0,0,0,0,0,0
629,0,0,0,0,0,0,0,0,0,0,0,0,0
630,0,0,0,0,0,0,0,0,0,0,0,0,0
631,0,0,0,0,0,0,0,0,0,0,0,0,0
632,0,0,0,0,0,0,0,0,0,0,0,0,0
633,0,0,0,0,0,0,0,0,0,0,0,0,0
634,0,0,0,0,0,0,0,0,0,0,0,0,0
635,0,0,0,0,0,0,0,0,0,0,0,0,0
636,0,0,0,0,0,0,0,0,0,0,0,0,0
637,0,0,0,0,0,0,0,0,0,0,0,0,0
638,0,0,0,0,0,0,0,0,0,0,0,0,0
639,0,0,0,0,0,0,0,0,0,0,0,0,0
640,0,0,0,0,0,0,0,0,0,0,0,0,0
641,0,0,0,0,0,0,0,0,0,0,0,0,0
642,0,0,0,0,0,0,0,0,0,0,0,0,0
643,0,0,0,0,0,0,0,0,0,0,0,0,0
644,0,0,0,0,0,0,0,0,0,0,0,0,0
645,0,0,0,0,0,0,0,0,0,0,0,0,0
646,0,0,0,0.001415212,0,0,0,0,0,0,0,0,0
647,0,0,0,0.025902381,0,0,0,0,0,0,0,0,0
648,0,0,0,0.116511775,0,0,0,0,0,0,0,0,0
649,0,0,0,0.390886162,0,0,0,0,0,0,0,0,0
650,0,0,0,0.749593421,0,0,0,0,0,0,0,0,0
651,0,0,0,0.944858051,0,0,0,0,0,0,0,0,0
652,0,0,0,0.980111731,0,0,0,0,0,0,0,0,0
653,0,0,0,0.994063086,0,0,0,0,0,0,0,0,0
654,0,0,0,1,0,0,0,0,0,0,0,0,0
655,0,0,0,0.995454747,0,0,0,0,0,0,0,0,0
656,0,0,0,0.990527717,0,0,0,0,0,0,0,0,0
657,0,0,0,0.977334762,0,0,0,0,0,0,0,0,0
658,0,0,0,0.940559882,0,0,0,0,0,0,0,0,0
659,0,0,0,0.878949559,0,0,0,0,0,0,0,0,0
660,0,0,0,0.81629384,0,0,0,0,0,0,0,0,0
661,0,0,0,0.773459516,0,0,0,0,0,0,0,0,0
662,0,0,0,0.754487656,0,0,0,0,0,0,0,0,0
663,0,0,0,0.75991531,0,0,0,0,0,0,0,0,0
664,0,0,0,0.782634297,0,0,0,0,0,0,0,0,0
665,0,0,0,0.8101689,0,0,0,0,0,0,0,0,0
666,0,0,0,0.836129749,0,0,0,0,0,0,0,0,0
667,0,0,0,0.861254237,0,0,0,0,0,0,0,0,0
668,0,0,0,0.886091059,0,0,0,0,0,0,0,0,0
669,0,0,0,0.911387666,0,0,0,0,0,0,0,0,0
670,0,0,0,0.934051464,0,0,0,0,0,0,0,0,0
671,0,0,0,0.950420633,0,0,0,0,0,0,0,0,0
672,0,0,0,0.959257302,0,0,0,0,0,0,0,0,0
673,0,0,0,0.960395551,0,0,0,0,0,0,0,0,0
674,0,0,0,0.959133945,0,0,0,0,0,0,0,0,0
675,0,0,0,0.958090128,0,0,0,0,0,0,0,0,0
676,0,0,0,0.955274589,0,0,0,0,0,0,0,0,0
677,0,0,0,0.943764654,0,0,0,0,0,0,0,0,0
678,0,0,0,0.894907986,0,0,0,0,0,0,0,0,0
679,0,0,0,0.744263079,0,0,0,0,0,0,0,0,0
680,0,0,0,0.476777001,0,0,0,0,0,0,0,0,0
681,0,0,0,0.229603988,0,0,0,0,0,0,0,0,0
682,0,0,0,0.080091177,0,0,0,0,0,0,0,0,0
683,0,0,0,0.026170762,0,0,0,0,0,0,0,0,0
684,0,0,0,0.004152419,0,0,0,0,0,0,0,0,0
685,0,0,0,0,0,0,0,0,0,0,0,0,0
686,0,0,0,0,0,0,0,0,0,0,0,0,0
687,0,0,0,0,0,0,0,0,0,0,0,0,0
688,0,0,0,0,0,0,0,0,0,0,0,0,0
689,0,0,0,0,0,0,0,0,0,0,0,0,0
690,0,0,0,0,0,0,0,0,0,0,0,0,0
691,0,0,0,0,0,0,0,0,0,0,0,0,0
692,0,0,0,0,0,0,0,0,0,0,0,0,0
693,0,0,0,0,0,0,0,0,0,0,0,0,0
694,0,0,0,0,,0,0,0,0,0,0,0,0
695,0,0,0,0,0.028357856,0,0,0,0,0,0,0,0
696,0,0,0,0,0.123693367,0,0,0,0,0,0,0,0
697,0,0,0,0,0.393787739,0,0,0,0,0,0,0,0
698,0,0,0,0,0.761130707,0,0,0,0,0,0,0,0
699,0,0,0,0,0.971085018,0,0,0,0,0,0,0,0
700,0,0,0,0,0.998895232,0,0,0,0,0,0,0,0
701,0,0,0,0,1,0,0,0,0,0,0,0,0
702,0,0,0,0,0.994122578,0,0,0,0,0,0,0,0
703,0,0,0,0,0.983217889,0,0,0,0,0,0,0,0
704,0,0,0,0,0.967040926,0,0,0,0,0,0,0,0
705,0,0,0,0,0.948473886,0,0,0,0,0,0,0,0
706,0,0,0,0,0.92714833,0,0,0,0,0,0,0,0
707,0,0,0,0,0.903724584,0,0,0,0,0,0,0,0
708,0,0,0,0,0.886147127,0,0,0,0,0,0,0,0
709,0,0,0,0,0.867237453,0,0,0,0,0,0,0,0
710,0,0,0,0,0.790753191,0,0,0,0,0,0,0,0
711,0,0,0,0,0.588403315,0,0,0,0,0,0,0,0
712,0,0,0,0,0.263348326,0,0,0,0,0,0,0,0
713,0,0,0,0,0.056754223,0,0,0,0,0,0,0,0
714,0,0,0,0,0.006188334,0,0,0,0,0,0,0,0
715,0,0,0,0,0,0,0,0,0,0,0,0,0
716,0,0,0,0,0,0,0,0,0,0,0,0,0
717,0,0,0,0,0,0,0,0,0,0,0,0,0
718,0,0,0,0,0,0,0,0,0,0,0,0,0
719,0,0,0,0,0,0,0,0,0,0,0,0,0
720,0,0,0,0,0,0,0,0,0,0,0,0,0
721,0,0,0,0,0,0,0,0,0,0,0,0,0
722,0,0,0,0,0,0,0,0,0,0,0,0,0
723,0,0,0,0,0,0,0,0,0,0,0,0,0
724,0,0,0,0,0,0,0,0,0,0,0,0,0
725,0,0,0,0,0,0,0,0,0,0,0,0,0
726,0,0,0,0,0,0,0,0,0,0,0,0,0
727,0,0,0,0,0,0,0,0,0,0,0,0,0
728,0,0,0,0,0,0,0,0,0,0,0,0,0
729,0,0,0,0,0,0,0,0,0,0,0,0,0
730,0,0,0,0,0,0,0,0,0,0,0,0,0
731,0,0,0,0,0,0.001710882,0,0,0,0,0,0,0
732,0,0,0,0,0,0.054671525,0,0,0,0,0,0,0
733,0,0,0,0,0,0.258066763,0,0,0,0,0,0,0
734,0,0,0,0,0,0.647220984,0,0,0,0,0,0,0
735,0,0,0,0,0,0.892189986,0,0,0,0,0,0,0
736,0,0,0,0,0,0.902328766,0,0,0,0,0,0,0
737,0,0,0,0,0,0.915087676,0,0,0,0,0,0,0
738,0,0,0,0,0,0.941158459,0,0,0,0,0,0,0
739,0,0,0,0,0,0.962999932,0,0,0,0,0,0,0
740,0,0,0,0,0,0.975104812,0,0,0,0,0,0,0
741,0,0,0,0,0,0.977021704,0,0,0,0,0,0,0
742,0,0,0,0,0,0.987362514,0,0,0,0,0,0,0
743,0,0,0,0,0,1,0,0,0,0,0,0,0
744,0,0,0,0,0,0.988802771,0,0,0,0,0,0,0
745,0,0,0,0,0,0.971799161,0,0,0,0,0,0,0
746,0,0,0,0,0,0.901267389,0,0,0,0,0,0,0
747,0,0,0,0,0,0.606723913,0,0,0,0,0,0,0
748,0,0,0,0,0,0.205202268,0,0,0,0,0,0,0
749,0,0,0,0,0,0.026756898,0,0,0,0,0,0,0
750,0,0,0,0,0,0,0,0,0,0,0,0,0
751,0,0,0,0,0,0,0,0,0,0,0,0,0
752,0,0,0,0,0,0,0,0,0,0,0,0,0
753,0,0,0,0,0,0,0,0,0,0,0,0,0
754,0,0,0,0,0,0,0,0,0,0,0,0,0
755,0,0,0,0,0,0,0,0,0,0,0,0,0
756,0,0,0,0,0,0,0,0,0,0,0,0,0
757,0,0,0,0,0,0,0,0,0,0,0,0,0
758,0,0,0,0,0,0,0,0,0,0,0,0,0
759,0,0,0,0,0,0,0,0,0,0,0,0,0
760,0,0,0,0,0,0,0,0.000672587,0,0,0,0,0
761,0,0,0,0,0,0,0,0.003888561,0,0,0,0,0
762,0,0,0,0,0,0,0,0,0,0,0,0,0
763,0,0,0,0,0,0,0,0,0,0,0,0,0
764,0,0,0,0,0,0,0,0,0,0,0,0,0
765,0,0,0,0,0,0,0,0,0,0,0,0,0
766,0,0,0,0,0,0,0,0,0,0,0,0,0
767,0,0,0,0,0,0,0,0,0,0,0,0,0
768,0,0,0,0,0,0,0,0,0,0,0,0,0
769,0,0,0,0,0,0,0.000458987,0,0,0,0,0,0
770,0,0,0,0,0,0,0.011720097,0,0,0,0,0,0
771,0,0,0,0,0,0,0.052197152,0,0,0,0,0,0
772,0,0,0,0,0,0,0.165617326,0,0,0,0,0,0
773,0,0,0,0,0,0,0.369033555,0.000289559,0,0,0,0,0
774,0,0,0,0,0,0,0.636854532,0.00702964,0,0,0,0,0
775,0,0,0,0,0,0,0.861196383,0.017523915,0,0,0,0,0
776,0,0,0,0,0,0,0.970028971,0.032311111,0,0,0,0,0
777,0,0,0,0,0,0,0.991196015,0.05328661,0,0,0,0,0
778,0,0,0,0,0,0,0.998979212,0.082998852,0,0,0,0,0
779,0,0,0,0,0,0,1,0.127485024,0,0,0,0,0
780,0,0,0,0,0,0,0.97725155,0.195910652,0,0,0,0,0
781,0,0,0,0,0,0,0.925723851,0.302463232,0,0,0,0,0
782,0,0,0,0,0,0,0.86605804,0.435539537,0,0,0,0,0
783,0,0,0,0,0,0,0.819696105,0.571416366,0,0,0,0,0
784,0,0,0,0,0,0,0.794076736,0.697667008,0,0,0,0,0
785,0,0,0,0,0,0,0.791110289,0.803038519,0,0,0,0,0
786,0,0,0,0,0,0,0.804315523,0.891157437,0,0,0,0,0
787,0,0,0,0,0,0,0.819027212,0.952845837,0,0,0,0,0
788,0,0,0,0,0,0,0.825712924,0.988941605,0,0,0,0,0
789,0,0,0,0,0,0,0.820118286,1,0,0,0,0,0
790,0,0,0,0,0,0,0.792221951,0.988406528,0,0,0,0,0
791,0,0,0,0,0,0,0.720545593,0.963892161,0,0,0,0,0
792,0,0,0,0,0,0,0.587677944,0.942079674,0,0,0,0,0
793,0,0,0,0,0,0,0.414303554,0.936946427,0,0,0,0,0
794,0,0,0,0,0,0,0.230888169,0.942273429,0,0,0,0,0
795,0,0,0,0,0,0,0.098502825,0.953957178,0,0,0,0,0
796,0,0,0,0,0,0,0.027365511,0.968288956,0,0,0,0,0
797,0,0,0,0,0,0,0.00516235,0.979665494,0,0,0,0,0
798,0,0,0,0,0,0,0,0.985444404,0,0,0,0,0
799,0,0,0,0,0,0,0,0.985926806,0,0,0,0,0
800,0,0,0,0,0,0,0,0.983911811,0,0,0,0,0
801,0,0,0,0,0,0,0,0.97793903,0,0,0,0,0
802,0,0,0,0,0,0,0,0.977227714,0,0,0,0,0
803,0,0,0,0,0,0,0,0.978106086,0,0,0,0,0
804,0,0,0,0,0,0,0,0.981444864,0,0,0,0,0
805,0,0,0,0,0,0,0,0.987645575,0,0,0,0,0
806,0,0,0,0,0,0,0,0.988577078,0,0,0,0,0
807,0,0,0,0,0,0,0,0.986242198,0,0,0,0,0
808,0,0,0,0,0,0,0,0.980709208,0,0,0,0,0
809,0,0,0,0,0,0,0,0.970786244,0,0,0,0,0
810,0,0,0,0,0,0,0,0.957210894,0,0,0,0,0
811,0,0,0,0,0,0,0,0.938658206,0,0,0,0,0
812,0,0,0,0,0,0,0,0.91672388,0,0,0,0,0
813,0,0,0,0,0,0,0,0.896207585,0,0,0,0,0
814,0,0,0,0,0,0,0,0.872887998,0,0,0,0,0
815,0,0,0,0,0,0,0,0.851603307,0,0,0,0,0
816,0,0,0,0,0,0,0,0.824639396,0,0,0,0,0
817,0,0,0,0,0,0,0,0.800781174,0,0,0,0,0
818,0,0,0,0,0,0,0,0.782338598,0,0,0,0,0
819,0,0,0,0,0,0,0,0.763602744,0,0,0,0,0
820,0,0,0,0,0,0,0,0.749627707,0,0,0,0,0
821,0,0,0,0,0,0,0,0.738722099,0,0,0,0,0
822,0,0,0,0,0,0,0,0.730794069,0,0,0,0,0
823,0,0,0,0,0,0,0,0.722712368,0,0,0,0,0
824,0,0,0,0,0,0,0,0.725077084,0,0,0,0,0
825,0,0,0,0,0,0,0,0.725638556,0,0,0,0,0
826,0,0,0,0,0,0,0,0.723042174,0,0,0,0,0
827,0,0,0,0,0,0,0,0.722292106,0,0,0,0,0
828,0,0,0,0,0,0,0,0.716163645,0,0,0,0,0
829,0,0,0,0,0,0,0,0.711594459,0,0,0,0,0
830,0,0,0,0,0,0,0,0.708269542,0,0,0,0,0
831,0,0,0,0,0,0,0,0.701572051,0,0,0,0,0
832,0,0,0,0,0,0,0,0.699245321,0,0,0,0,0
833,0,0,0,0,0,0,0,0.700937618,0,0,0,0,0
834,0,0,0,0,0,0,0,0.706927327,0,0,0,0,0
835,0,0,0,0,0,0,0,0.718240007,0,0,0,0,0
836,0,0,0,0,0,0,0,0.731246343,0,0,0,0,0
837,0,0,0,0,0,0,0,0.748406102,0.000300966,0,0,0,0
838,0,0,0,0,0,0,0,0.76818541,0,0,0,0,0
839,0,0,0,0,0,0,0,0.783948066,0,0,0,0,0
840,0,0,0,0,0,0,0,0.7968381,0,0,0,0,0
841,0,0,0,0,0,0,0,0.802602063,0,0,0,0,0
842,0,0,0,0,0,0,0,0.804519396,0,0,0,0,0
843,0,0,0,0,0,0,0,0.802409182,0,0,0,0,0
844,0,0,0,0,0,0,0,0.796990717,0,0,0,0,0
845,0,0,0,0,0,0,0,0.789203043,0,0,0,0,0
846,0,0,0,0,0,0,0,0.776916211,0,0,0,0,0
847,0,0,0,0,0,0,0,0.765184064,0.001572174,0,0,0,0
848,0,0,0,0,0,0,0,0.751197174,0.002498858,0,0,0,0
849,0,0,0,0,0,0,0,0.737003566,0.013320367,0,0,0,0
850,0,0,0,0,0,0,0,0.722623995,0.026148658,0,0,0,0
851,0,0,0,0,0,0,0,0.704125782,0.052604793,0,0,0,0
852,0,0,0,0,0,0,0,0.684108046,0.107797093,0,0,0,0
853,0,0,0,0,0,0,0,0.664745277,0.221607547,0,0,0,0
854,0,0,0,0,0,0,0,0.647368908,0.39721628,0,0,0,0
855,0,0,0,0,0,0,0,0.630051247,0.609868852,0,0,0,0
856,0,0,0,0,0,0,0,0.615642224,0.816588834,0,0,0,0
857,0,0,0,0,0,0,0,0.602495567,0.932244502,0,0,0,0
858,0,0,0,0,0,0,0,0.589889921,0.972100329,0,0,0,0
859,0,0,0,0,0,0,0,0.579933995,0.975454822,0,0,0,0
860,0,0,0,0,0,0,0,0.571365058,0.975380485,0,0,0,0
861,0,0,0,0,0,0,0,0.560942415,0.97328205,0,0,0,0
862,0,0,0,0,0,0,0,0.552351052,0.976078281,0,0,0,0
863,0,0,0,0,0,0,0,0.54568236,0.980349546,0,0,0,0
864,0,0,0,0,0,0,0,0.539580517,0.986909276,0,0,0,0
865,0,0,0,0,0,0,0,0.535102151,0.990874648,0,0,0,0
866,0,0,0,0,0,0,0,0.530936751,0.997418177,0,0,0,0
867,0,0,0,0,0,0,0,0.530165085,0.999846733,0,0,0,0
868,0,0,0,0,0,0,0,0.52984662,0.999391415,0,0,0,0
869,0,0,0,0,0,0,0,0.530366818,0.995879284,0,0,0,0
870,0,0,0,0,0,0,0,0.532114628,0.995412276,0,0,0,0
871,0,0,0,0,0,0,0,0.53271918,1,0,0,0,0
872,0,0,0,0,0,0,0,0.532468057,0.996407621,0,0,0,0
873,0,0,0,0,0,0,0,0.53331158,0.923594329,0,0,0,0
874,0,0,0,0,0,0,0,0.531927797,0.741376842,0,0,0,0
875,0,0,0,0,0,0,0,0.530510552,0.489659709,0,0,0,0
876,0,0,0,0,0,0,0,0.52951499,0.25020643,0,0,0,0
877,0,0,0,0,0,0,0,0.52996848,0.112212459,0,0,0,0
878,0,0,0,0,0,0,0,0.532533725,0.047559844,0,0,0,0
879,0,0,0,0,0,0,0,0.537050849,0.022978146,0,0,0,0
880,0,0,0,0,0,0,0,0.542353442,0.010614375,0,0,0,0
881,0,0,0,0,0,0,0,0.549124971,0.001081494,0,0,0,0
882,0,0,0,0,0,0,0,0.555230551,0,0,0,0,0
883,0,0,0,0,0,0,0,0.560111348,0,0,0,0,0
884,0,0,0,0,0,0,0,0.557679988,0,0,0,0,0
885,0,0,0,0,0,0,0,0.548219844,0,0,0,0,0
886,0,0,0,0,0,0,0,0.531446128,0,0,0,0,0
887,0,0,0,0,0,0,0,0.507635285,0,0,0,0,0
888,0,0,0,0,0,0,0,0.478112241,0,0,0,0,0
889,0,0,0,0,0,0,0,0.450927929,0,0,0,0,0
890,0,0,0,0,0,0,0,0.427984659,0,0,0,0,0
891,0,0,0,0,0,0,0,0.41051405,0,0,0,0,0
892,0,0,0,0,0,0,0,0.400391391,0,0,0,0,0
893,0,0,0,0,0,0,0,0.400873018,0,0,0,0,0
894,0,0,0,0,0,0,0,0.40829375,0,0,0,0,0
895,0,0,0,0,0,0,0,0.420865558,0,0,0,0,0
896,0,0,0,0,0,0,0,0.430070218,0,0,0,0,0
897,0,0,0,0,0,0,0,0.424566916,0,0,0,0,0
898,0,0,0,0,0,0,0,0.391368172,0,0,0,0,0
899,0,0,0,0,0,0,0,0.330090082,0,0,0,0,0
900,0,0,0,0,0,0,0,0.257205092,0,0,0,0,0
901,0,0,0,0,0,0,0,0.181890305,0,0,0,0,0
902,0,0,0,0,0,0,0,0.116506681,0,0,0,0,0
903,0,0,0,0,0,0,0,0.070315795,0,0,0,0,0
904,0,0,0,0,0,0,0,0.042753811,0,0,0,0,0
905,0,0,0,0,0,0,0,0.025931542,0,0,0,0,0
906,0,0,0,0,0,0,0,0.015743939,0,0,0,0,0
907,0,0,0,0,0,0,0,0.003943258,0,0,0,0,0
908,0,0,0,0,0,0,0,0,0,0,0,0,0
909,0,0,0,0,0,0,0,0,0,0,0,0,0
910,0,0,0,0,0,0,0,0,0,0,0,0,0
911,0,0,0,0,0,0,0,0,0,0,0,0,0
912,0,0,0,0,0,0,0,0,0,0,0,0,0
913,0,0,0,0,0,0,0,0,0,0,0,0,0
914,0,0,0,0,0,0,0,0,0,0,0,0,0
915,0,0,0,0,0,0,0,0,0,0,0,0,0
916,0,0,0,0,0,0,0,0,0,0,0,0,0
917,0,0,0,0,0,0,0,0,0,0,0,0,0
918,0,0,0,0,0,0,0,0,0,0,0,0,0
919,0,0,0,0,0,0,0,0,0,0,0,0,0
920,0,0,0,0,0,0,0,0,0,0,0,0,0
921,0,0,0,0,0,0,0,0,0,0,0,0,0
922,0,0,0,0,0,0,0,0,0,0,0,0,0
923,0,0,0,0,0,0,0,0,0,0,0,0,0
924,0,0,0,0,0,0,0,0,0,0,0,0,0
925,0,0,0,0,0,0,0,0,0,0,0,0,0
926,0,0,0,0,0,0,0,0,0,0,0,0,0
927,0,0,0,0,0,0,0,0,0,0,0,0,0
928,0,0,0,0,0,0,0,0,0,0,0,0,0
929,0,0,0,0,0,0,0,0,0,0,0,0,0
930,0,0,0,0,0,0,0,0,0,0,0,0,0
931,0,0,0,0,0,0,0,0,0,0,0,0,0
932,0,0,0,0,0,0,0,0,0,0.016629527,0,0,0
933,0,0,0,0,0,0,0,0,0,0.061118571,0,0,0
934,0,0,0,0,0,0,0,0,0,0.174070942,0,0,0
935,0,0,0,0,0,0,0,0,0,0.389464545,0,0,0
936,0,0,0,0,0,0,0,0,0,0.664591498,0,0,0
937,0,0,0,0,0,0,0,0,0,0.874541137,0,0,0
938,0,0,0,0,0,0,0,0,0,0.936959878,0,0,0
939,0,0,0,0,0,0,0,0,0,0.967510143,0,0,0
940,0,0,0,0,0,0,0,0,0,0.989339103,0,0,0
941,0,0,0,0,0,0,0,0,0,0.995126896,0,0,0
942,0,0,0,0,0,0,0,0,0,1,0,0,0
943,0,0,0,0,0,0,0,0,0,0.978457624,0,0,0
944,0,0,0,0,0,0,0,0,0,0.980691181,0,0,0
945,0,0,0,0,0,0,0,0,0,0.992233503,0,0,0
946,0,0,0,0,0,0,0,0,0,0.987983794,0,0,0
947,0,0,0,0,0,0,0,0,0,0.994283126,0,0,0
948,0,0,0,0,0,0,0,0,0,0.983480409,0,0,0
949,0,0,0,0,0,0,0,0,0,0.978200134,0,0,0
950,0,0,0,0,0,0,0,0,0,0.950233675,0,0,0
951,0,0,0,0,0,0,0,0,0,0.952996037,0,0,0
952,0,0,0,0,0,0,0,0,0,0.922403082,0,0,0
953,0,0,0,0,0,0,0,0,0,0.85573828,0,0,0
954,0,0,0,0,0,0,0,0,0,0.709702275,0,0,0
955,0,0,0,0,0,0,0,0,0,0.464295419,0,0,0
956,0,0,0,0,0,0,0,0,0,0.215384267,0,0,0
957,0,0,0,0,0,0,0,0,0,0.065341206,0,0,0
958,0,0,0,0,0,0,0,0,0,0.016255961,0,0,0
959,0,0,0,0,0,0,0,0,0,0,0,0,0
960,0,0,0,0,0,0,0,0,0,0,0,0,0
961,0,0,0,0,0,0,0,0,0,0,0,0,0
962,0,0,0,0,0,0,0,0,0,0,0,0,0
963,0,0,0,0,0,0,0,0,0,0,0,0,0
964,0,0,0,0,0,0,0,0,0,0,0,0,0
965,0,0,0,0,0,0,0,0,0,0,0,0,0
966,0,0,0,0,0,0,0,0,0,0,0,0,0
967,0,0,0,0,0,0,0,0,0,0,0,0,0
968,0,0,0,0,0,0,0,0,0,0,0,0,0
969,0,0,0,0,0,0,0,0,0,0,0,0,0
970,0,0,0,0,0,0,0,0,0,0,0,0,0
971,0,0,0,0,0,0,0,0,0,0,0,0,0
972,0,0,0,0,0,0,0,0,0,0,0,0,0
973,0,0,0,0,0,0,0,0,0,0,0,0,0
974,0,0,0,0,0,0,0,0,0,0,0,0,0
975,0,0,0,0,0,0,0,0,0,0,0,0,0
976,0,0,0,0,0,0,0,0,0,0,0,0,0
977,0,0,0,0,0,0,0,0,0,0,0,0,0
978,0,0,0,0,0,0,0,0,0,0,0,0,0
979,0,0,0,0,0,0,0,0,0,0,0,0,0
980,0,0,0,0,0,0,0,0,0,0,0,0,0
981,0,0,0,0,0,0,0,0,0,0,0,0,0
982,0,0,0,0,0,0,0,0,0,0,0,0,0
983,0,0,0,0,0,0,0,0,0,0,0,0,0
984,0,0,0,0,0,0,0,0,0,0,0,0,0
985,0,0,0,0,0,0,0,0,0,0,0,0,0
986,0,0,0,0,0,0,0,0,0,0,0,0,0
987,0,0,0,0,0,0,0,0,0,0,0,0,0
988,0,0,0,0,0,0,0,0,0,0,0,0,0
989,0,0,0,0,0,0,0,0,0,0,0,0,0
990,0,0,0,0,0,0,0,0,0,0,0,0,0
991,0,0,0,0,0,0,0,0,0,0,0,0,0
992,0,0,0,0,0,0,0,0,0,0,0,0,0
993,0,0,0,0,0,0,0,0,0,0,0,0,0
994,0,0,0,0,0,0,0,0,0,0,0,0,0
995,0,0,0,0,0,0,0,0,0,0,0,0,0
996,0,0,0,0,0,0,0,0,0,0,0,0,0
997,0,0,0,0,0,0,0,0,0,0,0,0,0
998,0,0,0,0,0,0,0,0,0,0,0,0,0
999,0,0,0,0,0,0,0,0,0,0,0,0,0
1000,0,0,0,0,0,0,0,0,0,0,0,0,0
1001,0,0,0,0,0,0,0,0,0,0,0,0,0
1002,0,0,0,0,0,0,0,0,0,0,0,0,0
1003,0,0,0,0,0,0,0,0,0,0,0,0,0
1004,0,0,0,0,0,0,0,0,0,0,0,0,0
1005,0,0,0,0,0,0,0,0,0,0,0,0,0
1006,0,0,0,0,0,0,0,0,0,0,0,0,0
1007,0,0,0,0,0,0,0,0,0,0,0,0,0
1008,0,0,0,0,0,0,0,0,0,0,0,0,0
1009,0,0,0,0,0,0,0,0,0,0,0,0,0
1010,0,0,0,0,0,0,0,0,0,0,0,0,0
1011,0,0,0,0,0,0,0,0,0,0,0,0,0
1012,0,0,0,0,0,0,0,0,0,0,0,0,0
1013,0,0,0,0,0,0,0,0,0,0,0,0,0
1014,0,0,0,0,0,0,0,0,0,0,0,0,0
1015,0,0,0,0,0,0,0,0,0,0,0,0,0
1016,0,0,0,0,0,0,0,0,0,0,0,0,0
1017,0,0,0,0,0,0,0,0,0,0,0,0,0
1018,0,0,0,0,0,0,0,0,0,0,0,0,0
1019,0,0,0,0,0,0,0,0,0,0,0,0,0
1020,0,0,0,0,0,0,0,0,0,0,0,0,0
1021,0,0,0,0,0,0,0,0,0,0,0,0,0
1022,0,0,0,0,0,0,0,0,0,0,0,0,0
1023,0,0,0,0,0,0,0,0,0,0,0,0,0
1024,0,0,0,0,0,0,0,0,0,0,0,0,0
1025,0,0,0,0,0,0,0,0,0,0,0,0,0
1026,0,0,0,0,0,0,0,0,0,0,0,0,0
1027,0,0,0,0,0,0,0,0,0,0,0,0,0
1028,0,0,0,0,0,0,0,0,0,0,0,0,0
1029,0,0,0,0,0,0,0,0,0,0,0,0,0
1030,0,0,0,0,0,0,0,0,0,0,0,0,0
1031,0,0,0,0,0,0,0,0,0,0,0,0,0
1032,0,0,0,0,0,0,0,0,0,0,0,0,0
1033,0,0,0,0,0,0,0,0,0,0,0,0,0
1034,0,0,0,0,0,0,0,0,0,0,0,0,0
1035,0,0,0,0,0,0,0,0,0,0,0,0,0
1036,0,0,0,0,0,0,0,0,0,0,0,0,0
1037,0,0,0,0,0,0,0,0,0,0,0,0,0
1038,0,0,0,0,0,0,0,0,0,0,0,0,0
1039,0,0,0,0,0,0,0,0,0,0,0,0,0
1040,0,0,0,0,0,0,0,0,0,0,0,0,0
1041,0,0,0,0,0,0,0,0,0,0,0,0,0
1042,0,0,0,0,0,0,0,0,0,0,0,0,0
1043,0,0,0,0,0,0,0,0,0,0,0,0,0
1044,0,0,0,0,0,0,0,0,0,0,0,0,0
1045,0,0,0,0,0,0,0,0,0,0,0,0,0
1046,0,0,0,0,0,0,0,0,0,0,0,0,0
1047,0,0,0,0,0,0,0,0,0,0,0,0,0
1048,0,0,0,0,0,0,0,0,0,0,0,0,0
1049,0,0,0,0,0,0,0,0,0,0,0,0,0
1050,0,0,0,0,0,0,0,0,0,0,0,0,0
1051,0,0,0,0,0,0,0,0,0,0,0,0,0
1052,0,0,0,0,0,0,0,0,0,0,0,0,0
1053,0,0,0,0,0,0,0,0,0,0,0,0,0
1054,0,0,0,0,0,0,0,0,0,0,0,0,0
1055,0,0,0,0,0,0,0,0,0,0,0,0,0
1056,0,0,0,0,0,0,0,0,0,0,0,0,0
1057,0,0,0,0,0,0,0,0,0,0,0,0,0
1058,0,0,0,0,0,0,0,0,0,0,0,0,0
1059,0,0,0,0,0,0,0,0,0,0,0,0,0
1060,0,0,0,0,0,0,0,0,0,0,0,0,0
1061,0,0,0,0,0,0,0,0,0,0,0,0,0
1062,0,0,0,0,0,0,0,0,0,0,0,0,0
1063,0,0,0,0,0,0,0,0,0,0,0,0,0
1064,0,0,0,0,0,0,0,0,0,0,0,0,0
1065,0,0,0,0,0,0,0,0,0,0,0,0,0
1066,0,0,0,0,0,0,0,0,0,0,0,0,0
1067,0,0,0,0,0,0,0,0,0,0,0,0,0
1068,0,0,0,0,0,0,0,0,0,0,0,0,0
1069,0,0,0,0,0,0,0,0,0,0,0,0,0
1070,0,0,0,0,0,0,0,0,0,0,0,0,0
1071,0,0,0,0,0,0,0,0,0,0,0,0,0
1072,0,0,0,0,0,0,0,0,0,0,0,0,0
1073,0,0,0,0,0,0,0,0,0,0,0,0,0
1074,0,0,0,0,0,0,0,0,0,0,0,0,0
1075,0,0,0,0,0,0,0,0,0,0,0,0,0
1076,0,0,0,0,0,0,0,0,0,0,0,0,0
1077,0,0,0,0,0,0,0,0,0,0,0,0,0
1078,0,0,0,0,0,0,0,0,0,0,0,0,0
1079,0,0,0,0,0,0,0,0,0,0,0,0,0
1080,0,0,0,0,0,0,0,0,0,0,0,0,0
1081,0,0,0,0,0,0,0,0,0,0,0,0,0
1082,0,0,0,0,0,0,0,0,0,0,0,0,0
1083,0,0,0,0,0,0,0,0,0,0,0,0,0
1084,0,0,0,0,0,0,0,0,0,0,0,0,0
1085,0,0,0,0,0,0,0,0,0,0,0,0,0
1086,0,0,0,0,0,0,0,0,0,0,0,0,0
1087,0,0,0,0,0,0,0,0,0,0,0,0,0
1088,0,0,0,0,0,0,0,0,0,0,0,0,0
1089,0,0,0,0,0,0,0,0,0,0,0,0,0
1090,0,0,0,0,0,0,0,0,0,0,0,0,0
1091,0,0,0,0,0,0,0,0,0,0,0,0,0
1092,0,0,0,0,0,0,0,0,0,0,0,0,0
1093,0,0,0,0,0,0,0,0,0,0,0,0,0
1094,0,0,0,0,0,0,0,0,0,0,0,0,0
1095,0,0,0,0,0,0,0,0,0,0,0,0,0
1096,0,0,0,0,0,0,0,0,0,0,0,0,0
1097,0,0,0,0,0,0,0,0,0,0,0,0,0
1098,0,0,0,0,0,0,0,0,0,0,0,0,0
1099,0,0,0,0,0,0,0,0,0,0,0,0,0
1100,0,0,0,0,0,0,0,0,0,0,0,0,0
1101,0,0,0,0,0,0,0,0,0,0,0,0,0
1102,0,0,0,0,0,0,0,0,0,0,0,0,0
1103,0,0,0,0,0,0,0,0,0,0,0,0,0
1104,0,0,0,0,0,0,0,0,0,0,0,0,0
1105,0,0,0,0,0,0,0,0,0,0,0,0,0
1106,0,0,0,0,0,0,0,0,0,0,0,0,0
1107,0,0,0,0,0,0,0,0,0,0,0,0,0
1108,0,0,0,0,0,0,0,0,0,0,0,0,0
1109,0,0,0,0,0,0,0,0,0,0,0,0,0
1110,0,0,0,0,0,0,0,0,0,0,0,0,0
1111,0,0,0,0,0,0,0,0,0,0,0,0,0
1112,0,0,0,0,0,0,0,0,0,0,0,0,0
1113,0,0,0,0,0,0,0,0,0,0,0,0,0
1114,0,0,0,0,0,0,0,0,0,0,0,0,0
1115,0,0,0,0,0,0,0,0,0,0,0,0,0
1116,0,0,0,0,0,0,0,0,0,0,0,0,0
1117,0,0,0,0,0,0,0,0,0,0,0,0,0
1118,0,0,0,0,0,0,0,0,0,0,0,0,0
1119,0,0,0,0,0,0,0,0,0,0,0,0,0
1120,0,0,0,0,0,0,0,0,0,0,0,0,0
1121,0,0,0,0,0,0,0,0,0,0,0,0,0
1122,0,0,0,0,0,0,0,0,0,0,0,0,0
1123,0,0,0,0,0,0,0,0,0,0,0,0,0
1124,0,0,0,0,0,0,0,0,0,0,0,0,0
1125,0,0,0,0,0,0,0,0,0,0,0,0,0
1126,0,0,0,0,0,0,0,0,0,0,0,0,0
1127,0,0,0,0,0,0,0,0,0,0,0,0,0
1128,0,0,0,0,0,0,0,0,0,0,0,0,0
1129,0,0,0,0,0,0,0,0,0,0,0,0,0
1130,0,0,0,0,0,0,0,0,0,0,0,0,0
1131,0,0,0,0,0,0,0,0,0,0,0,0,0
1132,0,0,0,0,0,0,0,0,0,0,0,0,0
1133,0,0,0,0,0,0,0,0,0,0,0,0,0
1134,0,0,0,0,0,0,0,0,0,0,0,0,0
1135,0,0,0,0,0,0,0,0,0,0,0,0,0
1136,0,0,0,0,0,0,0,0,0,0,0,0,0
1137,0,0,0,0,0,0,0,0,0,0,0,0,0
1138,0,0,0,0,0,0,0,0,0,0,0,0,0
1139,0,0,0,0,0,0,0,0,0,0,0,0,0
1140,0,0,0,0,0,0,0,0,0,0,0,0,0
1141,0,0,0,0,0,0,0,0,0,0,0,0,0
1142,0,0,0,0,0,0,0,0,0,0,0,0,0
1143,0,0,0,0,0,0,0,0,0,0,0,0,0
1144,0,0,0,0,0,0,0,0,0,0,0,0,0
1145,0,0,0,0,0,0,0,0,0,0,0,0,0
1146,0,0,0,0,0,0,0,0,0,0,0,0,0
1147,0,0,0,0,0,0,0,0,0,0,0,0,0
1148,0,0,0,0,0,0,0,0,0,0,0,0,0
1149,0,0,0,0,0,0,0,0,0,0,0,0,0
1150,0,0,0,0,0,0,0,0,0,0,0,0,0
1151,0,0,0,0,0,0,0,0,0,0,0,0,0
1152,0,0,0,0,0,0,0,0,0,0,0,0,0
1153,0,0,0,0,0,0,0,0,0,0,0,0,0
1154,0,0,0,0,0,0,0,0,0,0,0,0,0
1155,0,0,0,0,0,0,0,0,0,0,0,0,0
1156,0,0,0,0,0,0,0,0,0,0,0,0,0
1157,0,0,0,0,0,0,0,0,0,0,0,0,0
1158,0,0,0,0,0,0,0,0,0,0,0,0,0
1159,0,0,0,0,0,0,0,0,0,0,0,0,0
1160,0,0,0,0,0,0,0,0,0,0,0,0,0
1161,0,0,0,0,0,0,0,0,0,0,0,0,0
1162,0,0,0,0,0,0,0,0,0,0,0,0,0
1163,0,0,0,0,0,0,0,0,0,0,0,0,0
1164,0,0,0,0,0,0,0,0,0,0,0,0,0
1165,0,0,0,0,0,0,0,0,0,0,0,0,0
1166,0,0,0,0,0,0,0,0,0,0,0,0,0
1167,0,0,0,0,0,0,0,0,0,0,0,0,0
1168,0,0,0,0,0,0,0,0,0,0,0,0,0
1169,0,0,0,0,0,0,0,0,0,0,0,0,0
1170,0,0,0,0,0,0,0,0,0,0,0,0,0
1171,0,0,0,0,0,0,0,0,0,0,0,0,0
1172,0,0,0,0,0,0,0,0,0,0,0,0,0
1173,0,0,0,0,0,0,0,0,0,0,0,0,0
1174,0,0,0,0,0,0,0,0,0,0,0,0,0
1175,0,0,0,0,0,0,0,0,0,0,0,0,0
1176,0,0,0,0,0,0,0,0,0,0,0,0,0
1177,0,0,0,0,0,0,0,0,0,0,0,0,0
1178,0,0,0,0,0,0,0,0,0,0,0,0,0
1179,0,0,0,0,0,0,0,0,0,0,0,0,0
1180,0,0,0,0,0,0,0,0,0,0,0,0,0
1181,0,0,0,0,0,0,0,0,0,0,0,0,0
1182,0,0,0,0,0,0,0,0,0,0,0,0,0
1183,0,0,0,0,0,0,0,0,0,0,0,0,0
1184,0,0,0,0,0,0,0,0,0,0,0,0,0
1185,0,0,0,0,0,0,0,0,0,0,0,0,0
1186,0,0,0,0,0,0,0,0,0,0,0,0,0
1187,0,0,0,0,0,0,0,0,0,0,0,0,0
1188,0,0,0,0,0,0,0,0,0,0,0,0,0
1189,0,0,0,0,0,0,0,0,0,0,0,0,0
1190,0,0,0,0,0,0,0,0,0,0,0,0,0
1191,0,0,0,0,0,0,0,0,0,0,0,0,0
1192,0,0,0,0,0,0,0,0,0,0,0,0,0
1193,0,0,0,0,0,0,0,0,0,0,0,0,0
1194,0,0,0,0,0,0,0,0,0,0,0,0,0
1195,0,0,0,0,0,0,0,0,0,0,0,0,0
1196,0,0,0,0,0,0,0,0,0,0,0,0,0
1197,0,0,0,0,0,0,0,0,0,0,0,0,0
1198,0,0,0,0,0,0,0,0,0,0,0,0,0
1199,0,0,0,0,0,0,0,0,0,0,0,0,0
1200,0,0,0,0,0,0,0,0,0,0,0,0,0
1201,0,0,0,0,0,0,0,0,0,0,0,0,0
1202,0,0,0,0,0,0,0,0,0,0,0,0,0
1203,0,0,0,0,0,0,0,0,0,0,0,0,0
1204,0,0,0,0,0,0,0,0,0,0,0,0,0
1205,0,0,0,0,0,0,0,0,0,0,0,0,0
1206,0,0,0,0,0,0,0,0,0,0,0,0,0
1207,0,0,0,0,0,0,0,0,0,0,0,0,0
1208,0,0,0,0,0,0,0,0,0,0,0,0,0
1209,0,0,0,0,0,0,0,0,0,0,0,0,0
1210,0,0,0,0,0,0,0,0,0,0,0,0,0
1211,0,0,0,0,0,0,0,0,0,0,0,0,0
1212,0,0,0,0,0,0,0,0,0,0,0,0,0
1213,0,0,0,0,0,0,0,0,0,0,0,0,0
1214,0,0,0,0,0,0,0,0,0,0,0,0,0
1215,0,0,0,0,0,0,0,0,0,0,0,0,0
1216,0,0,0,0,0,0,0,0,0,0,0,0,0
1217,0,0,0,0,0,0,0,0,0,0,0,0,0
1218,0,0,0,0,0,0,0,0,0,0,0,0,0
1219,0,0,0,0,0,0,0,0,0,0,0,0,0
1220,0,0,0,0,0,0,0,0,0,0,0,0,0
1221,0,0,0,0,0,0,0,0,0,0,0,0,0
1222,0,0,0,0,0,0,0,0,0,0,0,0,0
1223,0,0,0,0,0,0,0,0,0,0,0,0,0
1224,0,0,0,0,0,0,0,0,0,0,0,0,0
1225,0,0,0,0,0,0,0,0,0,0,0,0,0
1226,0,0,0,0,0,0,0,0,0,0,0,0,0
1227,0,0,0,0,0,0,0,0,0,0,0,0,0
1228,0,0,0,0,0,0,0,0,0,0,0,0,0
1229,0,0,0,0,0,0,0,0,0,0,0,0,0
1230,0,0,0,0,0,0,0,0,0,0,0,0,0
1231,0,0,0,0,0,0,0,0,0,0,0,0,0
1232,0,0,0,0,0,0,0,0,0,0,0,0,0
1233,0,0,0,0,0,0,0,0,0,0,0,0,0
1234,0,0,0,0,0,0,0,0,0,0,0,0,0
1235,0,0,0,0,0,0,0,0,0,0,0,0,0
1236,0,0,0,0,0,0,0,0,0,0,0,0,0
1237,0,0,0,0,0,0,0,0,0,0,0,0,0
1238,0,0,0,0,0,0,0,0,0,0,0,0,0
1239,0,0,0,0,0,0,0,0,0,0,0,0,0
1240,0,0,0,0,0,0,0,0,0,0,0,0,0
1241,0,0,0,0,0,0,0,0,0,0,0,0,0
1242,0,0,0,0,0,0,0,0,0,0,0,0,0
1243,0,0,0,0,0,0,0,0,0,0,0,0,0
1244,0,0,0,0,0,0,0,0,0,0,0,0,0
1245,0,0,0,0,0,0,0,0,0,0,0,0,0
1246,0,0,0,0,0,0,0,0,0,0,0,0,0
1247,0,0,0,0,0,0,0,0,0,0,0,0,0
1248,0,0,0,0,0,0,0,0,0,0,0,0,0
1249,0,0,0,0,0,0,0,0,0,0,0,0,0
1250,0,0,0,0,0,0,0,0,0,0,0,0,0
1251,0,0,0,0,0,0,0,0,0,0,0,0,0
1252,0,0,0,0,0,0,0,0,0,0,0,0,0
1253,0,0,0,0,0,0,0,0,0,0,0,0,0
1254,0,0,0,0,0,0,0,0,0,0,0,0,0
1255,0,0,0,0,0,0,0,0,0,0,0,0,0
1256,0,0,0,0,0,0,0,0,0,0,0,0,0
1257,0,0,0,0,0,0,0,0,0,0,0,0,0
1258,0,0,0,0,0,0,0,0,0,0,0,0,0
1259,0,0,0,0,0,0,0,0,0,0,0,0,0
1260,0,0,0,0,0,0,0,0,0,0,0,0,0
1261,0,0,0,0,0,0,0,0,0,0,0,0,0
1262,0,0,0,0,0,0,0,0,0,0,0,0,0
1263,0,0,0,0,0,0,0,0,0,0,0,0,0
1264,0,0,0,0,0,0,0,0,0,0,0,0,0
1265,0,0,0,0,0,0,0,0,0,0,0,0,0
1266,0,0,0,0,0,0,0,0,0,0,0,0,0
1267,0,0,0,0,0,0,0,0,0,0,0,0,0
1268,0,0,0,0,0,0,0,0,0,0,0,0,0
1269,0,0,0,0,0,0,0,0,0,0,0,0,0
1270,0,0,0,0,0,0,0,0,0,0,0,0,0
1271,0,0,0,0,0,0,0,0,0,0,0,0,0
1272,0,0,0,0,0,0,0,0,0,0,0,0,0
1273,0,0,0,0,0,0,0,0,0,0,0,0,0
1274,0,0,0,0,0,0,0,0,0,0,0,0,0
1275,0,0,0,0,0,0,0,0,0,0,0,0,0
1276,0,0,0,0,0,0,0,0,0,0,0,0,0
1277,0,0,0,0,0,0,0,0,0,0,0,0,0
1278,0,0,0,0,0,0,0,0,0,0,0,0,0
1279,0,0,0,0,0,0,0,0,0,0,0,0,0
1280,0,0,0,0,0,0,0,0,0,0,0,0,0
1281,0,0,0,0,0,0,0,0,0,0,0,0,0
1282,0,0,0,0,0,0,0,0,0,0,0,0,0
1283,0,0,0,0,0,0,0,0,0,0,0,0,0
1284,0,0,0,0,0,0,0,0,0,0,0,0,0
1285,0,0,0,0,0,0,0,0,0,0,0,0,0
1286,0,0,0,0,0,0,0,0,0,0,0,0,0
1287,0,0,0,0,0,0,0,0,0,0,0,0,0
1288,0,0,0,0,0,0,0,0,0,0,0,0,0
1289,0,0,0,0,0,0,0,0,0,0,0,0,0
1290,0,0,0,0,0,0,0,0,0,0,0,0,0
1291,0,0,0,0,0,0,0,0,0,0,0,0,0
1292,0,0,0,0,0,0,0,0,0,0,0,0,0
1293,0,0,0,0,0,0,0,0,0,0,0,0,0
1294,0,0,0,0,0,0,0,0,0,0,0,0,0
1295,0,0,0,0,0,0,0,0,0,0,0,0,0
1296,0,0,0,0,0,0,0,0,0,0,0,0,0
1297,0,0,0,0,0,0,0,0,0,0,0,0,0
1298,0,0,0,0,0,0,0,0,0,0,0,0,0
1299,0,0,0,0,0,0,0,0,0,0,0,0,0
1300,0,0,0,0,0,0,0,0,0,0,0,0,0
1301,0,0,0,0,0,0,0,0,0,0,0,0,0
1302,0,0,0,0,0,0,0,0,0,0,0,0,0
1303,0,0,0,0,0,0,0,0,0,0,0,0,0
1304,0,0,0,0,0,0,0,0,0,0,0,0,0
1305,0,0,0,0,0,0,0,0,0,0,0,0,0
1306,0,0,0,0,0,0,0,0,0,0,0,0,0
1307,0,0,0,0,0,0,0,0,0,0,0,0,0
1308,0,0,0,0,0,0,0,0,0,0,0,0,0
1309,0,0,0,0,0,0,0,0,0,0,0,0,0
1310,0,0,0,0,0,0,0,0,0,0,0,0,0
1311,0,0,0,0,0,0,0,0,0,0,0,0,0
1312,0,0,0,0,0,0,0,0,0,0,0,0,0
1313,0,0,0,0,0,0,0,0,0,0,0,0,0
1314,0,0,0,0,0,0,0,0,0,0,0,0,0
1315,0,0,0,0,0,0,0,0,0,0,0,0,0
1316,0,0,0,0,0,0,0,0,0,0,0,0,0
1317,0,0,0,0,0,0,0,0,0,0,0,0,0
1318,0,0,0,0,0,0,0,0,0,0,0,0,0
1319,0,0,0,0,0,0,0,0,0,0,0,0,0
1320,0,0,0,0,0,0,0,0,0,0,0,0,0
1321,0,0,0,0,0,0,0,0,0,0,0,0,0
1322,0,0,0,0,0,0,0,0,0,0,0,0,0
1323,0,0,0,0,0,0,0,0,0,0,0,0,0
1324,0,0,0,0,0,0,0,0,0,0,0,0,0
1325,0,0,0,0,0,0,0,0,0,0,0,0,0
1326,0,0,0,0,0,0,0,0,0,0,0,0,0
1327,0,0,0,0,0,0,0,0,0,0,0,0,0
1328,0,0,0,0,0,0,0,0,0,0,0,0,0
1329,0,0,0,0,0,0,0,0,0,0,0,0,0
1330,0,0,0,0,0,0,0,0,0,0,0,0,0
1331,0,0,0,0,0,0,0,0,0,0,0,0,0
1332,0,0,0,0,0,0,0,0,0,0,0,0,0
1333,0,0,0,0,0,0,0,0,0,0,0,0,0
1334,0,0,0,0,0,0,0,0,0,0,0,0,0
1335,0,0,0,0,0,0,0,0,0,0,0,0,0
1336,0,0,0,0,0,0,0,0,0,0,0,0,0
1337,0,0,0,0,0,0,0,0,0,0,0.000238032,0,0
1338,0,0,0,0,0,0,0,0,0,0,0.000054011,0,0
1339,0,0,0,0,0,0,0,0,0,0,0.000030555,0,0
1340,0,0,0,0,0,0,0,0,0,0,0.000028606,0,0
1341,0,0,0,0,0,0,0,0,0,0,0.000076414,0,0
1342,0,0,0,0,0,0,0,0,0,0,0.000109542,0,0
1343,0,0,0,0,0,0,0,0,0,0,0.000088112,0,0
1344,0,0,0,0,0,0,0,0,0,0,0.000124276,0,0
1345,0,0,0,0,0,0,0,0,0,0,0.000175866,0,0
1346,0,0,0,0,0,0,0,0,0,0,0.000334017,0,0
1347,0,0,0,0,0,0,0,0,0,0,0.000371868,0,0
1348,0,0,0,0,0,0,0,0,0,0,0.000448739,0,0
1349,0,0,0,0,0,0,0,0,0,0,0.000658249,0,0
1350,0,0,0,0,0,0,0,0,0,0,0.001089206,0,0
1351,0,0,0,0,0,0,0,0,0,0,0.00196845,0,0
1352,0,0,0,0,0,0,0,0,0,0,0.003736281,0,0
1353,0,0,0,0,0,0,0,0,0,0,0.008016927,0,0
1354,0,0,0,0,0,0,0,0,0,0,0.018845345,0,0
1355,0,0,0,0,0,0,0,0,0,0,0.044655923,0,0
1356,0,0,0,0,0,0,0,0,0,0,0.101545368,0,0
1357,0,0,0,0,0,0,0,0,0,0,0.200854803,0,0
1358,0,0,0,0,0,0,0,0,0,0,0.342389339,0,0
1359,0,0,0,0,0,0,0,0,0,0,0.506471542,0,0
1360,0,0,0,0,0,0,0,0,0,0,0.662498209,0,0
1361,0,0,0,0,0,0,0,0,0,0,0.783168494,0,0
1362,0,0,0,0,0,0,0,0,0,0,0.861210463,0,0
1363,0,0,0,0,0,0,0,0,0,0,0.910000298,0,0
1364,0,0,0,0,0,0,0,0,0,0,0.942126255,0,0
1365,0,0,0,0,0,0,0,0,0,0,0.962015449,0,0
1366,0,0,0,0,0,0,0,0,0,0,0.973750495,0,0
1367,0,0,0,0,0,0,0,0,0,0,0.981720971,0,0
1368,0,0,0,0,0,0,0,0,0,0,0.987945142,0,0
1369,0,0,0,0,0,0,0,0,0,0,0.992810636,0,0
1370,0,0,0,0,0,0,0,0,0,0,0.996478958,0,0
1371,0,0,0,0,0,0,0,0,0,0,0.99904946,0,0
1372,0,0,0,0,0,0,0,0,0,0,1,0,0
1373,0,0,0,0,0,0,0,0,0,0,0.999092287,0,0
1374,0,0,0,0,0,0,0,0,0,0,0.996049616,0,0
1375,0,0,0,0,0,0,0,0,0,0,0.990956135,0,0
1376,0,0,0,0,0,0,0,0,0,0,0.984853732,0,0
1377,0,0,0,0,0,0,0,0,0,0,0.978085355,0,0
1378,0,0,0,0,0,0,0,0,0,0,0.970372704,0,0
1379,0,0,0,0,0,0,0,0,0,0,0.960890124,0,0
1380,0,0,0,0,0,0,0,0,0,0,0.948599028,0,0
1381,0,0,0,0,0,0,0,0,0,0,0.933274986,0,0
1382,0,0,0,0,0,0,0,0,0,0,0.915013686,0,0
1383,0,0,0,0,0,0,0,0,0,0,0.894075033,0,0
1384,0,0,0,0,0,0,0,0,0,0,0.868634853,0,0
1385,0,0,0,0,0,0,0,0,0,0,0.830744554,0,0
1386,0,0,0,0,0,0,0,0,0,0,0.76452492,0,0
1387,0,0,0,0,0,0,0,0,0,0,0.65530055,0,0
1388,0,0,0,0,0,0,0,0,0,0,0.507853983,0,0
1389,0,0,0,0,0,0,0,0,0,0,0.35145525,0,0
1390,0,0,0,0,0,0,0,0,0,0,0.219307816,0,0
1391,0,0,0,0,0,0,0,0,0,0,0.1274815,0,0
1392,0,0,0,0,0,0,0,0,0,0,0.068371642,0,0
1393,0,0,0,0,0,0,0,0,0,0,0.032620423,0,0
1394,0,0,0,0,0,0,0,0,0,0,0.013687992,0,0
1395,0,0,0,0,0,0,0,0,0,0,0.005499615,0,0
1396,0,0,0,0,0,0,0,0,0,0,0.002399545,0,0
1397,0,0,0,0,0,0,0,0,0,0,0.001125292,0,0
1398,0,0,0,0,0,0,0,0,0,0,0.000545136,0,0
1399,0,0,0,0,0,0,0,0,0,0,0.000350108,0,0
1400,0,0,0,0,0,0,0,0,0,0,0.000176863,0,0
1401,0,0,0,0,0,0,0,0,0,0,0.000218748,0,0
1402,0,0,0,0,0,0,0,0,0,0,0.000196998,0,0
1403,0,0,0,0,0,0,0,0,0,0,0.0001058,0,0
1404,0,0,0,0,0,0,0,0,0,0,0.000059528,0,0
1405,0,0,0,0,0,0,0,0,0,0,0.000051435,0,0
1406,0,0,0,0,0,0,0,0,0,0,0.000061894,0,0
1407,0,0,0,0,0,0,0,0,0,0,0.000056196,0,0
1408,0,0,0,0,0,0,0,0,0,0,0.000039155,0,0
1409,0,0,0,0,0,0,0,0,0,0,0.00003185,0,0
1410,0,0,0,0,0,0,0,0,0,0,0.000121264,0,0
1411,0,0,0,0,0,0,0,0,0,0,0.000108791,0,0
1412,0,0,0,0,0,0,0,0,0,0,0.000025451,0,0
1413,0,0,0,0,0,0,0,0,0,0,0,0,0
1414,0,0,0,0,0,0,0,0,0,0,0,0,0
1415,0,0,0,0,0,0,0,0,0,0,0,0,0
1416,0,0,0,0,0,0,0,0,0,0,0,0,0
1417,0,0,0,0,0,0,0,0,0,0,0,0,0
1418,0,0,0,0,0,0,0,0,0,0,0,0,0
1419,0,0,0,0,0,0,0,0,0,0,0,0,0
1420,0,0,0,0,0,0,0,0,0,0,0,0,0
1421,0,0,0,0,0,0,0,0,0,0,0,0,0
1422,0,0,0,0,0,0,0,0,0,0,0,0,0
1423,0,0,0,0,0,0,0,0,0,0,0,0,0
1424,0,0,0,0,0,0,0,0,0,0,0,0,0
1425,0,0,0,0,0,0,0,0,0,0,0,0,0
1426,0,0,0,0,0,0,0,0,0,0,0,0,0
1427,0,0,0,0,0,0,0,0,0,0,0,0,0
1428,0,0,0,0,0,0,0,0,0,0,0,0,0
1429,0,0,0,0,0,0,0,0,0,0,0,0,0
1430,0,0,0,0,0,0,0,0,0,0,0,0,0
1431,0,0,0,0,0,0,0,0,0,0,0,0,0
1432,0,0,0,0,0,0,0,0,0,0,0,0,0
1433,0,0,0,0,0,0,0,0,0,0,0,0,0
1434,0,0,0,0,0,0,0,0,0,0,0,0,0
1435,0,0,0,0,0,0,0,0,0,0,0,0,0
1436,0,0,0,0,0,0,0,0,0,0,0,0,0
1437,0,0,0,0,0,0,0,0,0,0,0,0,0
1438,0,0,0,0,0,0,0,0,0,0,0,0,0
1439,0,0,0,0,0,0,0,0,0,0,0,0,0
1440,0,0,0,0,0,0,0,0,0,0,0,0,0
1441,0,0,0,0,0,0,0,0,0,0,0,0,0
1442,0,0,0,0,0,0,0,0,0,0,0,0,0
1443,0,0,0,0,0,0,0,0,0,0,0,0,0
1444,0,0,0,0,0,0,0,0,0,0,0,0,0
1445,0,0,0,0,0,0,0,0,0,0,0,0,0
1446,0,0,0,0,0,0,0,0,0,0,0,0,0
1447,0,0,0,0,0,0,0,0,0,0,0,0,0
1448,0,0,0,0,0,0,0,0,0,0,0,0,0
1449,0,0,0,0,0,0,0,0,0,0,0,0,0
1450,0,0,0,0,0,0,0,0,0,0,0,0,0
1451,0,0,0,0,0,0,0,0,0,0,0,0,0
1452,0,0,0,0,0,0,0,0,0,0,0,0,0
1453,0,0,0,0,0,0,0,0,0,0,0,0,0
1454,0,0,0,0,0,0,0,0,0,0,0,0,0
1455,0,0,0,0,0,0,0,0,0,0,0,0,0
1456,0,0,0,0,0,0,0,0,0,0,0,0,0
1457,0,0,0,0,0,0,0,0,0,0,0,0,0
1458,0,0,0,0,0,0,0,0,0,0,0,0,0
1459,0,0,0,0,0,0,0,0,0,0,0,0,0
1460,0,0,0,0,0,0,0,0,0,0,0,0,0
1461,0,0,0,0,0,0,0,0,0,0,0,0,0
1462,0,0,0,0,0,0,0,0,0,0,0,0,0
1463,0,0,0,0,0,0,0,0,0,0,0,0,0
1464,0,0,0,0,0,0,0,0,0,0,0,0,0
1465,0,0,0,0,0,0,0,0,0,0,0,0,0
1466,0,0,0,0,0,0,0,0,0,0,0,0,0
1467,0,0,0,0,0,0,0,0,0,0,0,0,0
1468,0,0,0,0,0,0,0,0,0,0,0,0,0
1469,0,0,0,0,0,0,0,0,0,0,0,0,0
1470,0,0,0,0,0,0,0,0,0,0,0,0,0
1471,0,0,0,0,0,0,0,0,0,0,0,0,0
1472,0,0,0,0,0,0,0,0,0,0,0,0,0
1473,0,0,0,0,0,0,0,0,0,0,0,0,0
1474,0,0,0,0,0,0,0,0,0,0,0,0,0
1475,0,0,0,0,0,0,0,0,0,0,0,0,0
1476,0,0,0,0,0,0,0,0,0,0,0,0,0
1477,0,0,0,0,0,0,0,0,0,0,0,0,0
1478,0,0,0,0,0,0,0,0,0,0,0,0,0
1479,0,0,0,0,0,0,0,0,0,0,0,0,0
1480,0,0,0,0,0,0,0,0,0,0,0,0,0
1481,0,0,0,0,0,0,0,0,0,0,0,0,0
1482,0,0,0,0,0,0,0,0,0,0,0,0,0
1483,0,0,0,0,0,0,0,0,0,0,0,0,0
1484,0,0,0,0,0,0,0,0,0,0,0,0,0
1485,0,0,0,0,0,0,0,0,0,0,0,0,0
1486,0,0,0,0,0,0,0,0,0,0,0,0,0
1487,0,0,0,0,0,0,0,0,0,0,0,0,0
1488,0,0,0,0,0,0,0,0,0,0,0,0,0
1489,0,0,0,0,0,0,0,0,0,0,0,0,0
1490,0,0,0,0,0,0,0,0,0,0,0,0,0
1491,0,0,0,0,0,0,0,0,0,0,0,0,0
1492,0,0,0,0,0,0,0,0,0,0,0,0,0
1493,0,0,0,0,0,0,0,0,0,0,0,0,0
1494,0,0,0,0,0,0,0,0,0,0,0,0,0
1495,0,0,0,0,0,0,0,0,0,0,0,0,0
1496,0,0,0,0,0,0,0,0,0,0,0,0,0
1497,0,0,0,0,0,0,0,0,0,0,0,0,0
1498,0,0,0,0,0,0,0,0,0,0,0,0,0
1499,0,0,0,0,0,0,0,0,0,0,0,0,0
1500,0,0,0,0,0,0,0,0,0,0,0,0,0
1501,0,0,0,0,0,0,0,0,0,0,0,0,0
1502,0,0,0,0,0,0,0,0,0,0,0,0,0
1503,0,0,0,0,0,0,0,0,0,0,0,0,0
1504,0,0,0,0,0,0,0,0,0,0,0,0,0
1505,0,0,0,0,0,0,0,0,0,0,0,0,0
1506,0,0,0,0,0,0,0,0,0,0,0,0,0
1507,0,0,0,0,0,0,0,0,0,0,0,0,0
1508,0,0,0,0,0,0,0,0,0,0,0,0,0
1509,0,0,0,0,0,0,0,0,0,0,0,0,0
1510,0,0,0,0,0,0,0,0,0,0,0,0,0
1511,0,0,0,0,0,0,0,0,0,0,0,0,0
1512,0,0,0,0,0,0,0,0,0,0,0,0,0
1513,0,0,0,0,0,0,0,0,0,0,0,0,0
1514,0,0,0,0,0,0,0,0,0,0,0,0,0
1515,0,0,0,0,0,0,0,0,0,0,0,0,0
1516,0,0,0,0,0,0,0,0,0,0,0,0,0
1517,0,0,0,0,0,0,0,0,0,0,0,0,0
1518,0,0,0,0,0,0,0,0,0,0,0,0,0
1519,0,0,0,0,0,0,0,0,0,0,0,0,0
1520,0,0,0,0,0,0,0,0,0,0,0,0,0
1521,0,0,0,0,0,0,0,0,0,0,0,0,0
1522,0,0,0,0,0,0,0,0,0,0,0,0,0
1523,0,0,0,0,0,0,0,0,0,0,0,0,0
1524,0,0,0,0,0,0,0,0,0,0,0,0,0
1525,0,0,0,0,0,0,0,0,0,0,0,0,0
1526,0,0,0,0,0,0,0,0,0,0,0,0,0
1527,0,0,0,0,0,0,0,0,0,0,0,0,0
1528,0,0,0,0,0,0,0,0,0,0,0,0,0
1529,0,0,0,0,0,0,0,0,0,0,0,0,0
1530,0,0,0,0,0,0,0,0,0,0,0,0,0
1531,0,0,0,0,0,0,0,0,0,0,0,0,0
1532,0,0,0,0,0,0,0,0,0,0,0,0,0
1533,0,0,0,0,0,0,0,0,0,0,0,0,0
1534,0,0,0,0,0,0,0,0,0,0,0,0,0
1535,0,0,0,0,0,0,0,0,0,0,0,0,0
1536,0,0,0,0,0,0,0,0,0,0,0,0,0
1537,0,0,0,0,0,0,0,0,0,0,0,0,0
1538,0,0,0,0,0,0,0,0,0,0,0,0,0
1539,0,0,0,0,0,0,0,0,0,0,0,0.000006934,0
1540,0,0,0,0,0,0,0,0,0,0,0,0.000006804,0
1541,0,0,0,0,0,0,0,0,0,0,0,0.000008224,0
1542,0,0,0,0,0,0,0,0,0,0,0,0.000028105,0
1543,0,0,0,0,0,0,0,0,0,0,0,0.00003784,0
1544,0,0,0,0,0,0,0,0,0,0,0,0.000090746,0
1545,0,0,0,0,0,0,0,0,0,0,0,0.000147452,0
1546,0,0,0,0,0,0,0,0,0,0,0,0.000251399,0
1547,0,0,0,0,0,0,0,0,0,0,0,0.000480203,0
1548,0,0,0,0,0,0,0,0,0,0,0,0.000569537,0
1549,0,0,0,0,0,0,0,0,0,0,0,0.000662261,0
1550,0,0,0,0,0,0,0,0,0,0,0,0.000910566,0
1551,0,0,0,0,0,0,0,0,0,0,0,0.001166089,0
1552,0,0,0,0,0,0,0,0,0,0,0,0.001684036,0
1553,0,0,0,0,0,0,0,0,0,0,0,0.00245816,0
1554,0,0,0,0,0,0,0,0,0,0,0,0.00356747,0
1555,0,0,0,0,0,0,0,0,0,0,0,0.005345161,0
1556,0,0,0,0,0,0,0,0,0,0,0,0.008317784,0
1557,0,0,0,0,0,0,0,0,0,0,0,0.012628433,0
1558,0,0,0,0,0,0,0,0,0,0,0,0.018996334,0
1559,0,0,0,0,0,0,0,0,0,0,0,0.027780618,0
1560,0,0,0,0,0,0,0,0,0,0,0,0.03958367,0
1561,0,0,0,0,0,0,0,0,0,0,0,0.054865088,0
1562,0,0,0,0,0,0,0,0,0,0,0,0.074929768,0
1563,0,0,0,0,0,0,0,0,0,0,0,0.101069914,0
1564,0,0,0,0,0,0,0,0,0,0,0,0.135475748,0
1565,0,0,0,0,0,0,0,0,0,0,0,0.182597282,0
1566,0,0,0,0,0,0,0,0,0,0,0,0.247275543,0
1567,0,0,0,0,0,0,0,0,0,0,0,0.330736144,0
1568,0,0,0,0,0,0,0,0,0,0,0,0.429690906,0
1569,0,0,0,0,0,0,0,0,0,0,0,0.537634456,0
1570,0,0,0,0,0,0,0,0,0,0,0,0.647173334,0
1571,0,0,0,0,0,0,0,0,0,0,0,0.743528409,0
1572,0,0,0,0,0,0,0,0,0,0,0,0.815215305,0
1573,0,0,0,0,0,0,0,0,0,0,0,0.859201504,0
1574,0,0,0,0,0,0,0,0,0,0,0,0.879668577,0
1575,0,0,0,0,0,0,0,0,0,0,0,0.887029952,0
1576,0,0,0,0,0,0,0,0,0,0,0,0.889097838,0
1577,0,0,0,0,0,0,0,0,0,0,0,0.891416958,0
1578,0,0,0,0,0,0,0,0,0,0,0,0.897586018,0
1579,0,0,0,0,0,0,0,0,0,0,0,0.90663052,0
1580,0,0,0,0,0,0,0,0,0,0,0,0.916528056,0
1581,0,0,0,0,0,0,0,0,0,0,0,0.92657894,0
1582,0,0,0,0,0,0,0,0,0,0,0,0.935322165,0
1583,0,0,0,0,0,0,0,0,0,0,0,0.942393561,0
1584,0,0,0,0,0,0,0,0,0,0,0,0.947506732,0
1585,0,0,0,0,0,0,0,0,0,0,0,0.951415577,0
1586,0,0,0,0,0,0,0,0,0,0,0,0.954254286,0
1587,0,0,0,0,0,0,0,0,0,0,0,0.956429305,0
1588,0,0,0,0,0,0,0,0,0,0,0,0.958205215,0
1589,0,0,0,0,0,0,0,0,0,0,0,0.960687866,0
1590,0,0,0,0,0,0,0,0,0,0,0,0.963480014,0
1591,0,0,0,0,0,0,0,0,0,0,0,0.965796837,0
1592,0,0,0,0,0,0,0,0,0,0,0,0.968180454,0
1593,0,0,0,0,0,0,0,0,0,0,0,0.97101157,0
1594,0,0,0,0,0,0,0,0,0,0,0,0.973379886,0
1595,0,0,0,0,0,0,0,0,0,0,0,0.97591493,0
1596,0,0,0,0,0,0,0,0,0,0,0,0.978581496,0
1597,0,0,0,0,0,0,0,0,0,0,0,0.979877753,0
1598,0,0,0,0,0,0,0,0,0,0,0,0.98058868,0
1599,0,0,0,0,0,0,0,0,0,0,0,0.980912334,0
1600,0,0,0,0,0,0,0,0,0,0,0,0.981411503,0
1601,0,0,0,0,0,0,0,0,0,0,0,0.981243863,0
1602,0,0,0,0,0,0,0,0,0,0,0,0.980705072,0
1603,0,0,0,0,0,0,0,0,0,0,0,0.980376964,0
1604,0,0,0,0,0,0,0,0,0,0,0,0.981066319,0
1605,0,0,0,0,0,0,0,0,0,0,0,0.982735565,0
1606,0,0,0,0,0,0,0,0,0,0,0,0.985121995,0
1607,0,0,0,0,0,0,0,0,0,0,0,0.987806954,0
1608,0,0,0,0,0,0,0,0,0,0,0,0.990375969,0
1609,0,0,0,0,0,0,0,0,0,0,0,0.992015684,0
1610,0,0,0,0,0,0,0,0,0,0,0,0.993287985,0
1611,0,0,0,0,0,0,0,0,0,0,0,0.992536418,0
1612,0,0,0,0,0,0,0,0,0,0,0,0.990404949,0
1613,0,0,0,0,0,0,0,0,0,0,0,0.987128016,0
1614,0,0,0,0,0,0,0,0,0,0,0,0.983502057,0
1615,0,0,0,0,0,0,0,0,0,0,0,0.980022548,0
1616,0,0,0,0,0,0,0,0,0,0,0,0.976174463,0
1617,0,0,0,0,0,0,0,0,0,0,0,0.972568388,0
1618,0,0,0,0,0,0,0,0,0,0,0,0.969828489,0
1619,0,0,0,0,0,0,0,0,0,0,0,0.967709002,0
1620,0,0,0,0,0,0,0,0,0,0,0,0.966371474,0
1621,0,0,0,0,0,0,0,0,0,0,0,0.965848924,0
1622,0,0,0,0,0,0,0,0,0,0,0,0.966050474,0
1623,0,0,0,0,0,0,0,0,0,0,0,0.967426617,0
1624,0,0,0,0,0,0,0,0,0,0,0,0.969869577,0
1625,0,0,0,0,0,0,0,0,0,0,0,0.973463419,0
1626,0,0,0,0,0,0,0,0,0,0,0,0.97868284,0
1627,0,0,0,0,0,0,0,0,0,0,0,0.983472137,0
1628,0,0,0,0,0,0,0,0,0,0,0,0.987635453,0
1629,0,0,0,0,0,0,0,0,0,0,0,0.991875079,0
1630,0,0,0,0,0,0,0,0,0,0,0,0.995476405,0
1631,0,0,0,0,0,0,0,0,0,0,0,0.997586172,0
1632,0,0,0,0,0,0,0,0,0,0,0,0.998568438,0
1633,0,0,0,0,0,0,0,0,0,0,0,0.999327749,0
1634,0,0,0,0,0,0,0,0,0,0,0,0.999234469,0
1635,0,0,0,0,0,0,0,0,0,0,0,0.998803511,0
1636,0,0,0,0,0,0,0,0,0,0,0,0.999110558,0
1637,0,0,0,0,0,0,0,0,0,0,0,0.999729529,0
1638,0,0,0,0,0,0,0,0,0,0,0,0.999744808,0
1639,0,0,0,0,0,0,0,0,0,0,0,1,0
1640,0,0,0,0,0,0,0,0,0,0,0,0.999814319,0
1641,0,0,0,0,0,0,0,0,0,0,0,0.996693294,0
1642,0,0,0,0,0,0,0,0,0,0,0,0.991619643,0
1643,0,0,0,0,0,0,0,0,0,0,0,0.985701748,0
1644,0,0,0,0,0,0,0,0,0,0,0,0.978569228,0
1645,0,0,0,0,0,0,0,0,0,0,0,0.969902949,0
1646,0,0,0,0,0,0,0,0,0,0,0,0.960896391,0
1647,0,0,0,0,0,0,0,0,0,0,0,0.953286699,0
1648,0,0,0,0,0,0,0,0,0,0,0,0.946546283,0
1649,0,0,0,0,0,0,0,0,0,0,0,0.941712152,0
1650,0,0,0,0,0,0,0,0,0,0,0,0.938586421,0
1651,0,0,0,0,0,0,0,0,0,0,0,0.935489328,0
1652,0,0,0,0,0,0,0,0,0,0,0,0.928113913,0
1653,0,0,0,0,0,0,0,0,0,0,0,0.912102443,0
1654,0,0,0,0,0,0,0,0,0,0,0,0.88059783,0
1655,0,0,0,0,0,0,0,0,0,0,0,0.824980062,0
1656,0,0,0,0,0,0,0,0,0,0,0,0.743118017,0
1657,0,0,0,0,0,0,0,0,0,0,0,0.64189077,0
1658,0,0,0,0,0,0,0,0,0,0,0,0.534002282,0
1659,0,0,0,0,0,0,0,0,0,0,0,0.426963072,0
1660,0,0,0,0,0,0,0,0,0,0,0,0.323709698,0
1661,0,0,0,0,0,0,0,0,0,0,0,0.234284076,0
1662,0,0,0,0,0,0,0,0,0,0,0,0.163971597,0
1663,0,0,0,0,0,0,0,0,0,0,0,0.110210711,0
1664,0,0,0,0,0,0,0,0,0,0,0,0.072477896,0
1665,0,0,0,0,0,0,0,0,0,0,0,0.04619413,0
1666,0,0,0,0,0,0,0,0,0,0,0,0.029400532,0
1667,0,0,0,0,0,0,0,0,0,0,0,0.019358665,0
1668,0,0,0,0,0,0,0,0,0,0,0,0.013308246,0
1669,0,0,0,0,0,0,0,0,0,0,0,0.009316851,0
1670,0,0,0,0,0,0,0,0,0,0,0,0.006522833,0
1671,0,0,0,0,0,0,0,0,0,0,0,0.004864189,0
1672,0,0,0,0,0,0,0,0,0,0,0,0.003409053,0
1673,0,0,0,0,0,0,0,0,0,0,0,0.002490561,0
1674,0,0,0,0,0,0,0,0,0,0,0,0.001958315,0
1675,0,0,0,0,0,0,0,0,0,0,0,0.001422504,0
1676,0,0,0,0,0,0,0,0,0,0,0,0.001055276,0
1677,0,0,0,0,0,0,0,0,0,0,0,0.000497731,0
1678,0,0,0,0,0,0,0,0,0,0,0,0.000227763,0
1679,0,0,0,0,0,0,0,0,0,0,0,0.00015918,0
1680,0,0,0,0,0,0,0,0,0,0,0,0.000033942,0
1681,0,0,0,0,0,0,0,0,0,0,0,0.000044875,0
1682,0,0,0,0,0,0,0,0,0,0,0,0.000013044,0
1683,0,0,0,0,0,0,0,0,0,0,0,0,0
1684,0,0,0,0,0,0,0,0,0,0,0,0,0
1685,0,0,0,0,0,0,0,0,0,0,0,0,0
1686,0,0,0,0,0,0,0,0,0,0,0,0,0
1687,0,0,0,0,0,0,0,0,0,0,0,0,0
1688,0,0,0,0,0,0,0,0,0,0,0,0,0
1689,0,0,0,0,0,0,0,0,0,0,0,0,0
1690,0,0,0,0,0,0,0,0,0,0,0,0,0
1691,0,0,0,0,0,0,0,0,0,0,0,0,0
1692,0,0,0,0,0,0,0,0,0,0,0,0,0
1693,0,0,0,0,0,0,0,0,0,0,0,0,0
1694,0,0,0,0,0,0,0,0,0,0,0,0,0
1695,0,0,0,0,0,0,0,0,0,0,0,0,0
1696,0,0,0,0,0,0,0,0,0,0,0,0,0
1697,0,0,0,0,0,0,0,0,0,0,0,0,0
1698,0,0,0,0,0,0,0,0,0,0,0,0,0
1699,0,0,0,0,0,0,0,0,0,0,0,0,0
1700,0,0,0,0,0,0,0,0,0,0,0,0,0
1701,0,0,0,0,0,0,0,0,0,0,0,0,0
1702,0,0,0,0,0,0,0,0,0,0,0,0,0
1703,0,0,0,0,0,0,0,0,0,0,0,0,0
1704,0,0,0,0,0,0,0,0,0,0,0,0,0
1705,0,0,0,0,0,0,0,0,0,0,0,0,0
1706,0,0,0,0,0,0,0,0,0,0,0,0,0
1707,0,0,0,0,0,0,0,0,0,0,0,0,0
1708,0,0,0,0,0,0,0,0,0,0,0,0,0
1709,0,0,0,0,0,0,0,0,0,0,0,0,0
1710,0,0,0,0,0,0,0,0,0,0,0,0,0
1711,0,0,0,0,0,0,0,0,0,0,0,0,0
1712,0,0,0,0,0,0,0,0,0,0,0,0,0
1713,0,0,0,0,0,0,0,0,0,0,0,0,0
1714,0,0,0,0,0,0,0,0,0,0,0,0,0
1715,0,0,0,0,0,0,0,0,0,0,0,0,0
1716,0,0,0,0,0,0,0,0,0,0,0,0,0
1717,0,0,0,0,0,0,0,0,0,0,0,0,0
1718,0,0,0,0,0,0,0,0,0,0,0,0,0
1719,0,0,0,0,0,0,0,0,0,0,0,0,0
1720,0,0,0,0,0,0,0,0,0,0,0,0,0
1721,0,0,0,0,0,0,0,0,0,0,0,0,0
1722,0,0,0,0,0,0,0,0,0,0,0,0,0
1723,0,0,0,0,0,0,0,0,0,0,0,0,0
1724,0,0,0,0,0,0,0,0,0,0,0,0,0
1725,0,0,0,0,0,0,0,0,0,0,0,0,0
1726,0,0,0,0,0,0,0,0,0,0,0,0,0
1727,0,0,0,0,0,0,0,0,0,0,0,0,0
1728,0,0,0,0,0,0,0,0,0,0,0,0,0
1729,0,0,0,0,0,0,0,0,0,0,0,0,0
1730,0,0,0,0,0,0,0,0,0,0,0,0,0
1731,0,0,0,0,0,0,0,0,0,0,0,0,0
1732,0,0,0,0,0,0,0,0,0,0,0,0,0
1733,0,0,0,0,0,0,0,0,0,0,0,0,0
1734,0,0,0,0,0,0,0,0,0,0,0,0,0
1735,0,0,0,0,0,0,0,0,0,0,0,0,0
1736,0,0,0,0,0,0,0,0,0,0,0,0,0
1737,0,0,0,0,0,0,0,0,0,0,0,0,0
1738,0,0,0,0,0,0,0,0,0,0,0,0,0
1739,0,0,0,0,0,0,0,0,0,0,0,0,0
1740,0,0,0,0,0,0,0,0,0,0,0,0,0
1741,0,0,0,0,0,0,0,0,0,0,0,0,0
1742,0,0,0,0,0,0,0,0,0,0,0,0,0
1743,0,0,0,0,0,0,0,0,0,0,0,0,0
1744,0,0,0,0,0,0,0,0,0,0,0,0,0
1745,0,0,0,0,0,0,0,0,0,0,0,0,0
1746,0,0,0,0,0,0,0,0,0,0,0,0,0
1747,0,0,0,0,0,0,0,0,0,0,0,0,0
1748,0,0,0,0,0,0,0,0,0,0,0,0,0
1749,0,0,0,0,0,0,0,0,0,0,0,0,0
1750,0,0,0,0,0,0,0,0,0,0,0,0,0
1751,0,0,0,0,0,0,0,0,0,0,0,0,0
1752,0,0,0,0,0,0,0,0,0,0,0,0,0
1753,0,0,0,0,0,0,0,0,0,0,0,0,0
1754,0,0,0,0,0,0,0,0,0,0,0,0,0
1755,0,0,0,0,0,0,0,0,0,0,0,0,0
1756,0,0,0,0,0,0,0,0,0,0,0,0,0
1757,0,0,0,0,0,0,0,0,0,0,0,0,0
1758,0,0,0,0,0,0,0,0,0,0,0,0,0
1759,0,0,0,0,0,0,0,0,0,0,0,0,0
1760,0,0,0,0,0,0,0,0,0,0,0,0,0
1761,0,0,0,0,0,0,0,0,0,0,0,0,0
1762,0,0,0,0,0,0,0,0,0,0,0,0,0
1763,0,0,0,0,0,0,0,0,0,0,0,0,0
1764,0,0,0,0,0,0,0,0,0,0,0,0,0
1765,0,0,0,0,0,0,0,0,0,0,0,0,0
1766,0,0,0,0,0,0,0,0,0,0,0,0,0
1767,0,0,0,0,0,0,0,0,0,0,0,0,0
1768,0,0,0,0,0,0,0,0,0,0,0,0,0
1769,0,0,0,0,0,0,0,0,0,0,0,0,0
1770,0,0,0,0,0,0,0,0,0,0,0,0,0
1771,0,0,0,0,0,0,0,0,0,0,0,0,0
1772,0,0,0,0,0,0,0,0,0,0,0,0,0
1773,0,0,0,0,0,0,0,0,0,0,0,0,0
1774,0,0,0,0,0,0,0,0,0,0,0,0,0
1775,0,0,0,0,0,0,0,0,0,0,0,0,0
1776,0,0,0,0,0,0,0,0,0,0,0,0,0
1777,0,0,0,0,0,0,0,0,0,0,0,0,0
1778,0,0,0,0,0,0,0,0,0,0,0,0,0
1779,0,0,0,0,0,0,0,0,0,0,0,0,0
1780,0,0,0,0,0,0,0,0,0,0,0,0,0
1781,0,0,0,0,0,0,0,0,0,0,0,0,0
1782,0,0,0,0,0,0,0,0,0,0,0,0,0
1783,0,0,0,0,0,0,0,0,0,0,0,0,0
1784,0,0,0,0,0,0,0,0,0,0,0,0,0
1785,0,0,0,0,0,0,0,0,0,0,0,0,0
1786,0,0,0,0,0,0,0,0,0,0,0,0,0
1787,0,0,0,0,0,0,0,0,0,0,0,0,0
1788,0,0,0,0,0,0,0,0,0,0,0,0,0
1789,0,0,0,0,0,0,0,0,0,0,0,0,0
1790,0,0,0,0,0,0,0,0,0,0,0,0,0
1791,0,0,0,0,0,0,0,0,0,0,0,0,0
1792,0,0,0,0,0,0,0,0,0,0,0,0,0
1793,0,0,0,0,0,0,0,0,0,0,0,0,0
1794,0,0,0,0,0,0,0,0,0,0,0,0,0
1795,0,0,0,0,0,0,0,0,0,0,0,0,0
1796,0,0,0,0,0,0,0,0,0,0,0,0,0
1797,0,0,0,0,0,0,0,0,0,0,0,0,0
1798,0,0,0,0,0,0,0,0,0,0,0,0,0
1799,0,0,0,0,0,0,0,0,0,0,0,0,0
1800,0,0,0,0,0,0,0,0,0,0,0,0,0
1801,0,0,0,0,0,0,0,0,0,0,0,0,0
1802,0,0,0,0,0,0,0,0,0,0,0,0,0
1803,0,0,0,0,0,0,0,0,0,0,0,0,0
1804,0,0,0,0,0,0,0,0,0,0,0,0,0
1805,0,0,0,0,0,0,0,0,0,0,0,0,0
1806,0,0,0,0,0,0,0,0,0,0,0,0,0
1807,0,0,0,0,0,0,0,0,0,0,0,0,0
1808,0,0,0,0,0,0,0,0,0,0,0,0,0
1809,0,0,0,0,0,0,0,0,0,0,0,0,0
1810,0,0,0,0,0,0,0,0,0,0,0,0,0
1811,0,0,0,0,0,0,0,0,0,0,0,0,0
1812,0,0,0,0,0,0,0,0,0,0,0,0,0
1813,0,0,0,0,0,0,0,0,0,0,0,0,0
1814,0,0,0,0,0,0,0,0,0,0,0,0,0
1815,0,0,0,0,0,0,0,0,0,0,0,0,0
1816,0,0,0,0,0,0,0,0,0,0,0,0,0
1817,0,0,0,0,0,0,0,0,0,0,0,0,0
1818,0,0,0,0,0,0,0,0,0,0,0,0,0
1819,0,0,0,0,0,0,0,0,0,0,0,0,0
1820,0,0,0,0,0,0,0,0,0,0,0,0,0
1821,0,0,0,0,0,0,0,0,0,0,0,0,0
1822,0,0,0,0,0,0,0,0,0,0,0,0,0
1823,0,0,0,0,0,0,0,0,0,0,0,0,0
1824,0,0,0,0,0,0,0,0,0,0,0,0,0
1825,0,0,0,0,0,0,0,0,0,0,0,0,0
1826,0,0,0,0,0,0,0,0,0,0,0,0,0
1827,0,0,0,0,0,0,0,0,0,0,0,0,0
1828,0,0,0,0,0,0,0,0,0,0,0,0,0
1829,0,0,0,0,0,0,0,0,0,0,0,0,0
1830,0,0,0,0,0,0,0,0,0,0,0,0,0
1831,0,0,0,0,0,0,0,0,0,0,0,0,0
1832,0,0,0,0,0,0,0,0,0,0,0,0,0
1833,0,0,0,0,0,0,0,0,0,0,0,0,0
1834,0,0,0,0,0,0,0,0,0,0,0,0,0
1835,0,0,0,0,0,0,0,0,0,0,0,0,0
1836,0,0,0,0,0,0,0,0,0,0,0,0,0
1837,0,0,0,0,0,0,0,0,0,0,0,0,0
1838,0,0,0,0,0,0,0,0,0,0,0,0,0
1839,0,0,0,0,0,0,0,0,0,0,0,0,0
1840,0,0,0,0,0,0,0,0,0,0,0,0,0
1841,0,0,0,0,0,0,0,0,0,0,0,0,0
1842,0,0,0,0,0,0,0,0,0,0,0,0,0
1843,0,0,0,0,0,0,0,0,0,0,0,0,0
1844,0,0,0,0,0,0,0,0,0,0,0,0,0
1845,0,0,0,0,0,0,0,0,0,0,0,0,0
1846,0,0,0,0,0,0,0,0,0,0,0,0,0
1847,0,0,0,0,0,0,0,0,0,0,0,0,0
1848,0,0,0,0,0,0,0,0,0,0,0,0,0
1849,0,0,0,0,0,0,0,0,0,0,0,0,0
1850,0,0,0,0,0,0,0,0,0,0,0,0,0
1851,0,0,0,0,0,0,0,0,0,0,0,0,0
1852,0,0,0,0,0,0,0,0,0,0,0,0,0
1853,0,0,0,0,0,0,0,0,0,0,0,0,0
1854,0,0,0,0,0,0,0,0,0,0,0,0,0
1855,0,0,0,0,0,0,0,0,0,0,0,0,0
1856,0,0,0,0,0,0,0,0,0,0,0,0,0
1857,0,0,0,0,0,0,0,0,0,0,0,0,0
1858,0,0,0,0,0,0,0,0,0,0,0,0,0
1859,0,0,0,0,0,0,0,0,0,0,0,0,0
1860,0,0,0,0,0,0,0,0,0,0,0,0,0
1861,0,0,0,0,0,0,0,0,0,0,0,0,0
1862,0,0,0,0,0,0,0,0,0,0,0,0,0
1863,0,0,0,0,0,0,0,0,0,0,0,0,0
1864,0,0,0,0,0,0,0,0,0,0,0,0,0
1865,0,0,0,0,0,0,0,0,0,0,0,0,0
1866,0,0,0,0,0,0,0,0,0,0,0,0,0
1867,0,0,0,0,0,0,0,0,0,0,0,0,0
1868,0,0,0,0,0,0,0,0,0,0,0,0,0
1869,0,0,0,0,0,0,0,0,0,0,0,0,0
1870,0,0,0,0,0,0,0,0,0,0,0,0,0
1871,0,0,0,0,0,0,0,0,0,0,0,0,0
1872,0,0,0,0,0,0,0,0,0,0,0,0,0
1873,0,0,0,0,0,0,0,0,0,0,0,0,0
1874,0,0,0,0,0,0,0,0,0,0,0,0,0
1875,0,0,0,0,0,0,0,0,0,0,0,0,0
1876,0,0,0,0,0,0,0,0,0,0,0,0,0
1877,0,0,0,0,0,0,0,0,0,0,0,0,0
1878,0,0,0,0,0,0,0,0,0,0,0,0,0
1879,0,0,0,0,0,0,0,0,0,0,0,0,0
1880,0,0,0,0,0,0,0,0,0,0,0,0,0
1881,0,0,0,0,0,0,0,0,0,0,0,0,0
1882,0,0,0,0,0,0,0,0,0,0,0,0,0
1883,0,0,0,0,0,0,0,0,0,0,0,0,0
1884,0,0,0,0,0,0,0,0,0,0,0,0,0
1885,0,0,0,0,0,0,0,0,0,0,0,0,0
1886,0,0,0,0,0,0,0,0,0,0,0,0,0
1887,0,0,0,0,0,0,0,0,0,0,0,0,0
1888,0,0,0,0,0,0,0,0,0,0,0,0,0
1889,0,0,0,0,0,0,0,0,0,0,0,0,0
1890,0,0,0,0,0,0,0,0,0,0,0,0,0
1891,0,0,0,0,0,0,0,0,0,0,0,0,0
1892,0,0,0,0,0,0,0,0,0,0,0,0,0
1893,0,0,0,0,0,0,0,0,0,0,0,0,0
1894,0,0,0,0,0,0,0,0,0,0,0,0,0
1895,0,0,0,0,0,0,0,0,0,0,0,0,0
1896,0,0,0,0,0,0,0,0,0,0,0,0,0
1897,0,0,0,0,0,0,0,0,0,0,0,0,0
1898,0,0,0,0,0,0,0,0,0,0,0,0,0
1899,0,0,0,0,0,0,0,0,0,0,0,0,0
1900,0,0,0,0,0,0,0,0,0,0,0,0,0
1901,0,0,0,0,0,0,0,0,0,0,0,0,0
1902,0,0,0,0,0,0,0,0,0,0,0,0,0
1903,0,0,0,0,0,0,0,0,0,0,0,0,0
1904,0,0,0,0,0,0,0,0,0,0,0,0,0
1905,0,0,0,0,0,0,0,0,0,0,0,0,0
1906,0,0,0,0,0,0,0,0,0,0,0,0,0
1907,0,0,0,0,0,0,0,0,0,0,0,0,0
1908,0,0,0,0,0,0,0,0,0,0,0,0,0
1909,0,0,0,0,0,0,0,0,0,0,0,0,0
1910,0,0,0,0,0,0,0,0,0,0,0,0,0
1911,0,0,0,0,0,0,0,0,0,0,0,0,0
1912,0,0,0,0,0,0,0,0,0,0,0,0,0
1913,0,0,0,0,0,0,0,0,0,0,0,0,0
1914,0,0,0,0,0,0,0,0,0,0,0,0,0
1915,0,0,0,0,0,0,0,0,0,0,0,0,0
1916,0,0,0,0,0,0,0,0,0,0,0,0,0
1917,0,0,0,0,0,0,0,0,0,0,0,0,0
1918,0,0,0,0,0,0,0,0,0,0,0,0,0
1919,0,0,0,0,0,0,0,0,0,0,0,0,0
1920,0,0,0,0,0,0,0,0,0,0,0,0,0
1921,0,0,0,0,0,0,0,0,0,0,0,0,0
1922,0,0,0,0,0,0,0,0,0,0,0,0,0
1923,0,0,0,0,0,0,0,0,0,0,0,0,0
1924,0,0,0,0,0,0,0,0,0,0,0,0,0
1925,0,0,0,0,0,0,0,0,0,0,0,0,0
1926,0,0,0,0,0,0,0,0,0,0,0,0,0
1927,0,0,0,0,0,0,0,0,0,0,0,0,0
1928,0,0,0,0,0,0,0,0,0,0,0,0,0
1929,0,0,0,0,0,0,0,0,0,0,0,0,0
1930,0,0,0,0,0,0,0,0,0,0,0,0,0
1931,0,0,0,0,0,0,0,0,0,0,0,0,0
1932,0,0,0,0,0,0,0,0,0,0,0,0,0
1933,0,0,0,0,0,0,0,0,0,0,0,0,0
1934,0,0,0,0,0,0,0,0,0,0,0,0,0
1935,0,0,0,0,0,0,0,0,0,0,0,0,0
1936,0,0,0,0,0,0,0,0,0,0,0,0,0
1937,0,0,0,0,0,0,0,0,0,0,0,0,0
1938,0,0,0,0,0,0,0,0,0,0,0,0,0
1939,0,0,0,0,0,0,0,0,0,0,0,0,0
1940,0,0,0,0,0,0,0,0,0,0,0,0,0
1941,0,0,0,0,0,0,0,0,0,0,0,0,0
1942,0,0,0,0,0,0,0,0,0,0,0,0,0
1943,0,0,0,0,0,0,0,0,0,0,0,0,0
1944,0,0,0,0,0,0,0,0,0,0,0,0,0
1945,0,0,0,0,0,0,0,0,0,0,0,0,0
1946,0,0,0,0,0,0,0,0,0,0,0,0,0
1947,0,0,0,0,0,0,0,0,0,0,0,0,0
1948,0,0,0,0,0,0,0,0,0,0,0,0,0
1949,0,0,0,0,0,0,0,0,0,0,0,0,0
1950,0,0,0,0,0,0,0,0,0,0,0,0,0
1951,0,0,0,0,0,0,0,0,0,0,0,0,0
1952,0,0,0,0,0,0,0,0,0,0,0,0,0
1953,0,0,0,0,0,0,0,0,0,0,0,0,0
1954,0,0,0,0,0,0,0,0,0,0,0,0,0
1955,0,0,0,0,0,0,0,0,0,0,0,0,0
1956,0,0,0,0,0,0,0,0,0,0,0,0,0
1957,0,0,0,0,0,0,0,0,0,0,0,0,0
1958,0,0,0,0,0,0,0,0,0,0,0,0,0
1959,0,0,0,0,0,0,0,0,0,0,0,0,0
1960,0,0,0,0,0,0,0,0,0,0,0,0,0
1961,0,0,0,0,0,0,0,0,0,0,0,0,0
1962,0,0,0,0,0,0,0,0,0,0,0,0,0
1963,0,0,0,0,0,0,0,0,0,0,0,0,0
1964,0,0,0,0,0,0,0,0,0,0,0,0,0
1965,0,0,0,0,0,0,0,0,0,0,0,0,0
1966,0,0,0,0,0,0,0,0,0,0,0,0,0
1967,0,0,0,0,0,0,0,0,0,0,0,0,0
1968,0,0,0,0,0,0,0,0,0,0,0,0,0
1969,0,0,0,0,0,0,0,0,0,0,0,0,0
1970,0,0,0,0,0,0,0,0,0,0,0,0,0
1971,0,0,0,0,0,0,0,0,0,0,0,0,0
1972,0,0,0,0,0,0,0,0,0,0,0,0,0
1973,0,0,0,0,0,0,0,0,0,0,0,0,0
1974,0,0,0,0,0,0,0,0,0,0,0,0,0
1975,0,0,0,0,0,0,0,0,0,0,0,0,0
1976,0,0,0,0,0,0,0,0,0,0,0,0,0
1977,0,0,0,0,0,0,0,0,0,0,0,0,0
1978,0,0,0,0,0,0,0,0,0,0,0,0,0
1979,0,0,0,0,0,0,0,0,0,0,0,0,0
1980,0,0,0,0,0,0,0,0,0,0,0,0,0
1981,0,0,0,0,0,0,0,0,0,0,0,0,0
1982,0,0,0,0,0,0,0,0,0,0,0,0,0
1983,0,0,0,0,0,0,0,0,0,0,0,0,0
1984,0,0,0,0,0,0,0,0,0,0,0,0,0
1985,0,0,0,0,0,0,0,0,0,0,0,0,0
1986,0,0,0,0,0,0,0,0,0,0,0,0,0
1987,0,0,0,0,0,0,0,0,0,0,0,0,0
1988,0,0,0,0,0,0,0,0,0,0,0,0,0
1989,0,0,0,0,0,0,0,0,0,0,0,0,0
1990,0,0,0,0,0,0,0,0,0,0,0,0,0
1991,0,0,0,0,0,0,0,0,0,0,0,0,0
1992,0,0,0,0,0,0,0,0,0,0,0,0,0
1993,0,0,0,0,0,0,0,0,0,0,0,0,0
1994,0,0,0,0,0,0,0,0,0,0,0,0,0
1995,0,0,0,0,0,0,0,0,0,0,0,0,0
1996,0,0,0,0,0,0,0,0,0,0,0,0,0
1997,0,0,0,0,0,0,0,0,0,0,0,0,0
1998,0,0,0,0,0,0,0,0,0,0,0,0,0
1999,0,0,0,0,0,0,0,0,0,0,0,0,0
2000,0,0,0,0,0,0,0,0,0,0,0,0,0
2001,0,0,0,0,0,0,0,0,0,0,0,0,0
2002,0,0,0,0,0,0,0,0,0,0,0,0,0
2003,0,0,0,0,0,0,0,0,0,0,0,0,0
2004,0,0,0,0,0,0,0,0,0,0,0,0,0
2005,0,0,0,0,0,0,0,0,0,0,0,0,0
2006,0,0,0,0,0,0,0,0,0,0,0,0,0
2007,0,0,0,0,0,0,0,0,0,0,0,0,0
2008,0,0,0,0,0,0,0,0,0,0,0,0,0
2009,0,0,0,0,0,0,0,0,0,0,0,0,0
2010,0,0,0,0,0,0,0,0,0,0,0,0,0
2011,0,0,0,0,0,0,0,0,0,0,0,0,0
2012,0,0,0,0,0,0,0,0,0,0,0,0,0
2013,0,0,0,0,0,0,0,0,0,0,0,0,0
2014,0,0,0,0,0,0,0,0,0,0,0,0,0
2015,0,0,0,0,0,0,0,0,0,0,0,0,0
2016,0,0,0,0,0,0,0,0,0,0,0,0,0
2017,0,0,0,0,0,0,0,0,0,0,0,0,0
2018,0,0,0,0,0,0,0,0,0,0,0,0,0
2019,0,0,0,0,0,0,0,0,0,0,0,0,0
2020,0,0,0,0,0,0,0,0,0,0,0,0,0
2021,0,0,0,0,0,0,0,0,0,0,0,0,0
2022,0,0,0,0,0,0,0,0,0,0,0,0,0
2023,0,0,0,0,0,0,0,0,0,0,0,0,0
2024,0,0,0,0,0,0,0,0,0,0,0,0,0
2025,0,0,0,0,0,0,0,0,0,0,0,0,0
2026,0,0,0,0,0,0,0,0,0,0,0,0,0
2027,0,0,0,0,0,0,0,0,0,0,0,0,0
2028,0,0,0,0,0,0,0,0,0,0,0,0,0
2029,0,0,0,0,0,0,0,0,0,0,0,0,0
2030,0,0,0,0,0,0,0,0,0,0,0,0,0
2031,0,0,0,0,0,0,0,0,0,0,0,0,0
2032,0,0,0,0,0,0,0,0,0,0,0,0,0
2033,0,0,0,0,0,0,0,0,0,0,0,0,0
2034,0,0,0,0,0,0,0,0,0,0,0,0,0
2035,0,0,0,0,0,0,0,0,0,0,0,0,0
2036,0,0,0,0,0,0,0,0,0,0,0,0,0
2037,0,0,0,0,0,0,0,0,0,0,0,0,0
2038,0,0,0,0,0,0,0,0,0,0,0,0,0
2039,0,0,0,0,0,0,0,0,0,0,0,0,0
2040,0,0,0,0,0,0,0,0,0,0,0,0,0
2041,0,0,0,0,0,0,0,0,0,0,0,0,0
2042,0,0,0,0,0,0,0,0,0,0,0,0,0
2043,0,0,0,0,0,0,0,0,0,0,0,0,0
2044,0,0,0,0,0,0,0,0,0,0,0,0,0
2045,0,0,0,0,0,0,0,0,0,0,0,0,0
2046,0,0,0,0,0,0,0,0,0,0,0,0,0
2047,0,0,0,0,0,0,0,0,0,0,0,0,0
2048,0,0,0,0,0,0,0,0,0,0,0,0,0
2049,0,0,0,0,0,0,0,0,0,0,0,0,0
2050,0,0,0,0,0,0,0,0,0,0,0,0,0
2051,0,0,0,0,0,0,0,0,0,0,0,0,0
2052,0,0,0,0,0,0,0,0,0,0,0,0,0
2053,0,0,0,0,0,0,0,0,0,0,0,0,0
2054,0,0,0,0,0,0,0,0,0,0,0,0,0
2055,0,0,0,0,0,0,0,0,0,0,0,0,0
2056,0,0,0,0,0,0,0,0,0,0,0,0,0
2057,0,0,0,0,0,0,0,0,0,0,0,0,0
2058,0,0,0,0,0,0,0,0,0,0,0,0,0
2059,0,0,0,0,0,0,0,0,0,0,0,0,0
2060,0,0,0,0,0,0,0,0,0,0,0,0,0
2061,0,0,0,0,0,0,0,0,0,0,0,0,0
2062,0,0,0,0,0,0,0,0,0,0,0,0,0
2063,0,0,0,0,0,0,0,0,0,0,0,0,0
2064,0,0,0,0,0,0,0,0,0,0,0,0,0
2065,0,0,0,0,0,0,0,0,0,0,0,0,0
2066,0,0,0,0,0,0,0,0,0,0,0,0,0
2067,0,0,0,0,0,0,0,0,0,0,0,0,0
2068,0,0,0,0,0,0,0,0,0,0,0,0,0
2069,0,0,0,0,0,0,0,0,0,0,0,0,0
2070,0,0,0,0,0,0,0,0,0,0,0,0,0
2071,0,0,0,0,0,0,0,0,0,0,0,0,0
2072,0,0,0,0,0,0,0,0,0,0,0,0,0
2073,0,0,0,0,0,0,0,0,0,0,0,0,0
2074,0,0,0,0,0,0,0,0,0,0,0,0,0
2075,0,0,0,0,0,0,0,0,0,0,0,0,0
2076,0,0,0,0,0,0,0,0,0,0,0,0,0
2077,0,0,0,0,0,0,0,0,0,0,0,0,0
2078,0,0,0,0,0,0,0,0,0,0,0,0,0.000639264
2079,0,0,0,0,0,0,0,0,0,0,0,0,0.001022905
2080,0,0,0,0,0,0,0,0,0,0,0,0,0.002884721
2081,0,0,0,0,0,0,0,0,0,0,0,0,0.003997454
2082,0,0,0,0,0,0,0,0,0,0,0,0,0.006597118
2083,0,0,0,0,0,0,0,0,0,0,0,0,0.007659826
2084,0,0,0,0,0,0,0,0,0,0,0,0,0.00800413
2085,0,0,0,0,0,0,0,0,0,0,0,0,0.008539692
2086,0,0,0,0,0,0,0,0,0,0,0,0,0.009300309
2087,0,0,0,0,0,0,0,0,0,0,0,0,0.010001938
2088,0,0,0,0,0,0,0,0,0,0,0,0,0.010972178
2089,0,0,0,0,0,0,0,0,0,0,0,0,0.012089456
2090,0,0,0,0,0,0,0,0,0,0,0,0,0.013364144
2091,0,0,0,0,0,0,0,0,0,0,0,0,0.015017309
2092,0,0,0,0,0,0,0,0,0,0,0,0,0.01712566
2093,0,0,0,0,0,0,0,0,0,0,0,0,0.01978032
2094,0,0,0,0,0,0,0,0,0,0,0,0,0.023335884
2095,0,0,0,0,0,0,0,0,0,0,0,0,0.027667597
2096,0,0,0,0,0,0,0,0,0,0,0,0,0.033215941
2097,0,0,0,0,0,0,0,0,0,0,0,0,0.040217377
2098,0,0,0,0,0,0,0,0,0,0,0,0,0.048882662
2099,0,0,0,0,0,0,0,0,0,0,0,0,0.059642173
2100,0,0,0,0,0,0,0,0,0,0,0,0,0.073175151
2101,0,0,0,0,0,0,0,0,0,0,0,0,0.090534716
2102,0,0,0,0,0,0,0,0,0,0,0,0,0.111470124
2103,0,0,0,0,0,0,0,0,0,0,0,0,0.13690299
2104,0,0,0,0,0,0,0,0,0,0,0,0,0.167810536
2105,0,0,0,0,0,0,0,0,0,0,0,0,0.203460906
2106,0,0,0,0,0,0,0,0,0,0,0,0,0.242871255
2107,0,0,0,0,0,0,0,0,0,0,0,0,0.284898317
2108,0,0,0,0,0,0,0,0,0,0,0,0,0.327177957
2109,0,0,0,0,0,0,0,0,0,0,0,0,0.36840376
2110,0,0,0,0,0,0,0,0,0,0,0,0,0.40800276
2111,0,0,0,0,0,0,0,0,0,0,0,0,0.444778149
2112,0,0,0,0,0,0,0,0,0,0,0,0,0.476537405
2113,0,0,0,0,0,0,0,0,0,0,0,0,0.503106894
2114,0,0,0,0,0,0,0,0,0,0,0,0,0.525317548
2115,0,0,0,0,0,0,0,0,0,0,0,0,0.543351996
2116,0,0,0,0,0,0,0,0,0,0,0,0,0.557252862
2117,0,0,0,0,0,0,0,0,0,0,0,0,0.568634197
2118,0,0,0,0,0,0,0,0,0,0,0,0,0.579029932
2119,0,0,0,0,0,0,0,0,0,0,0,0,0.588683995
2120,0,0,0,0,0,0,0,0,0,0,0,0,0.59889121
2121,0,0,0,0,0,0,0,0,0,0,0,0,0.609981083
2122,0,0,0,0,0,0,0,0,0,0,0,0,0.621362162
2123,0,0,0,0,0,0,0,0,0,0,0,0,0.634282516
2124,0,0,0,0,0,0,0,0,0,0,0,0,0.64854644
2125,0,0,0,0,0,0,0,0,0,0,0,0,0.663707315
2126,0,0,0,0,0,0,0,0,0,0,0,0,0.680046291
2127,0,0,0,0,0,0,0,0,0,0,0,0,0.696164765
2128,0,0,0,0,0,0,0,0,0,0,0,0,0.711964139
2129,0,0,0,0,0,0,0,0,0,0,0,0,0.727011081
2130,0,0,0,0,0,0,0,0,0,0,0,0,0.741301118
2131,0,0,0,0,0,0,0,0,0,0,0,0,0.757405387
2132,0,0,0,0,0,0,0,0,0,0,0,0,0.772070514
2133,0,0,0,0,0,0,0,0,0,0,0,0,0.78558074
2134,0,0,0,0,0,0,0,0,0,0,0,0,0.798238093
2135,0,0,0,0,0,0,0,0,0,0,0,0,0.809677071
2136,0,0,0,0,0,0,0,0,0,0,0,0,0.819701739
2137,0,0,0,0,0,0,0,0,0,0,0,0,0.82859933
2138,0,0,0,0,0,0,0,0,0,0,0,0,0.836721896
2139,0,0,0,0,0,0,0,0,0,0,0,0,0.844443431
2140,0,0,0,0,0,0,0,0,0,0,0,0,0.851107219
2141,0,0,0,0,0,0,0,0,0,0,0,0,0.853252319
2142,0,0,0,0,0,0,0,0,0,0,0,0,0.854746271
2143,0,0,0,0,0,0,0,0,0,0,0,0,0.85617419
2144,0,0,0,0,0,0,0,0,0,0,0,0,0.857820928
2145,0,0,0,0,0,0,0,0,0,0,0,0,0.859531818
2146,0,0,0,0,0,0,0,0,0,0,0,0,0.861459829
2147,0,0,0,0,0,0,0,0,0,0,0,0,0.863256985
2148,0,0,0,0,0,0,0,0,0,0,0,0,0.865138808
2149,0,0,0,0,0,0,0,0,0,0,0,0,0.867319035
2150,0,0,0,0,0,0,0,0,0,0,0,0,0.869696339
2151,0,0,0,0,0,0,0,0,0,0,0,0,0.874301992
2152,0,0,0,0,0,0,0,0,0,0,0,0,0.878588437
2153,0,0,0,0,0,0,0,0,0,0,0,0,0.882438825
2154,0,0,0,0,0,0,0,0,0,0,0,0,0.885928758
2155,0,0,0,0,0,0,0,0,0,0,0,0,0.889473121
2156,0,0,0,0,0,0,0,0,0,0,0,0,0.89322574
2157,0,0,0,0,0,0,0,0,0,0,0,0,0.896696495
2158,0,0,0,0,0,0,0,0,0,0,0,0,0.899896619
2159,0,0,0,0,0,0,0,0,0,0,0,0,0.902596288
2160,0,0,0,0,0,0,0,0,0,0,0,0,0.90483074
2161,0,0,0,0,0,0,0,0,0,0,0,0,0.905524618
2162,0,0,0,0,0,0,0,0,0,0,0,0,0.905665281
2163,0,0,0,0,0,0,0,0,0,0,0,0,0.905502587
2164,0,0,0,0,0,0,0,0,0,0,0,0,0.905157893
2165,0,0,0,0,0,0,0,0,0,0,0,0,0.904782854
2166,0,0,0,0,0,0,0,0,0,0,0,0,0.90408183
2167,0,0,0,0,0,0,0,0,0,0,0,0,0.903347495
2168,0,0,0,0,0,0,0,0,0,0,0,0,0.902760831
2169,0,0,0,0,0,0,0,0,0,0,0,0,0.902377006
2170,0,0,0,0,0,0,0,0,0,0,0,0,0.901982966
2171,0,0,0,0,0,0,0,0,0,0,0,0,0.903423562
2172,0,0,0,0,0,0,0,0,0,0,0,0,0.904312941
2173,0,0,0,0,0,0,0,0,0,0,0,0,0.905315323
2174,0,0,0,0,0,0,0,0,0,0,0,0,0.906446178
2175,0,0,0,0,0,0,0,0,0,0,0,0,0.90809207
2176,0,0,0,0,0,0,0,0,0,0,0,0,0.910123185
2177,0,0,0,0,0,0,0,0,0,0,0,0,0.912949979
2178,0,0,0,0,0,0,0,0,0,0,0,0,0.915584774
2179,0,0,0,0,0,0,0,0,0,0,0,0,0.918444254
2180,0,0,0,0,0,0,0,0,0,0,0,0,0.921302412
2181,0,0,0,0,0,0,0,0,0,0,0,0,0.924337167
2182,0,0,0,0,0,0,0,0,0,0,0,0,0.927218563
2183,0,0,0,0,0,0,0,0,0,0,0,0,0.929740263
2184,0,0,0,0,0,0,0,0,0,0,0,0,0.931921865
2185,0,0,0,0,0,0,0,0,0,0,0,0,0.934142166
2186,0,0,0,0,0,0,0,0,0,0,0,0,0.935906112
2187,0,0,0,0,0,0,0,0,0,0,0,0,0.937086137
2188,0,0,0,0,0,0,0,0,0,0,0,0,0.937641167
2189,0,0,0,0,0,0,0,0,0,0,0,0,0.938301157
2190,0,0,0,0,0,0,0,0,0,0,0,0,0.937652085
2191,0,0,0,0,0,0,0,0,0,0,0,0,0.940440758
2192,0,0,0,0,0,0,0,0,0,0,0,0,0.942517533
2193,0,0,0,0,0,0,0,0,0,0,0,0,0.943259037
2194,0,0,0,0,0,0,0,0,0,0,0,0,0.943031026
2195,0,0,0,0,0,0,0,0,0,0,0,0,0.942117106
2196,0,0,0,0,0,0,0,0,0,0,0,0,0.940631648
2197,0,0,0,0,0,0,0,0,0,0,0,0,0.938427922
2198,0,0,0,0,0,0,0,0,0,0,0,0,0.936660033
2199,0,0,0,0,0,0,0,0,0,0,0,0,0.935256327
2200,0,0,0,0,0,0,0,0,0,0,0,0,0.933022239
2201,0,0,0,0,0,0,0,0,0,0,0,0,0.926879998
2202,0,0,0,0,0,0,0,0,0,0,0,0,0.921056996
2203,0,0,0,0,0,0,0,0,0,0,0,0,0.915482617
2204,0,0,0,0,0,0,0,0,0,0,0,0,0.911020114
2205,0,0,0,0,0,0,0,0,0,0,0,0,0.908292872
2206,0,0,0,0,0,0,0,0,0,0,0,0,0.907283492
2207,0,0,0,0,0,0,0,0,0,0,0,0,0.90819092
2208,0,0,0,0,0,0,0,0,0,0,0,0,0.911168883
2209,0,0,0,0,0,0,0,0,0,0,0,0,0.916188526
2210,0,0,0,0,0,0,0,0,0,0,0,0,0.922854635
2211,0,0,0,0,0,0,0,0,0,0,0,0,0.920605167
2212,0,0,0,0,0,0,0,0,0,0,0,0,0.919482312
2213,0,0,0,0,0,0,0,0,0,0,0,0,0.919489205
2214,0,0,0,0,0,0,0,0,0,0,0,0,0.921276392
2215,0,0,0,0,0,0,0,0,0,0,0,0,0.924526038
2216,0,0,0,0,0,0,0,0,0,0,0,0,0.927732919
2217,0,0,0,0,0,0,0,0,0,0,0,0,0.931974489
2218,0,0,0,0,0,0,0,0,0,0,0,0,0.936769555
2219,0,0,0,0,0,0,0,0,0,0,0,0,0.941482728
2220,0,0,0,0,0,0,0,0,0,0,0,0,0.946801994
2221,0,0,0,0,0,0,0,0,0,0,0,0,0.951202607
2222,0,0,0,0,0,0,0,0,0,0,0,0,0.954436663
2223,0,0,0,0,0,0,0,0,0,0,0,0,0.957046915
2224,0,0,0,0,0,0,0,0,0,0,0,0,0.959729173
2225,0,0,0,0,0,0,0,0,0,0,0,0,0.962538601
2226,0,0,0,0,0,0,0,0,0,0,0,0,0.964857726
2227,0,0,0,0,0,0,0,0,0,0,0,0,0.966042031
2228,0,0,0,0,0,0,0,0,0,0,0,0,0.966647037
2229,0,0,0,0,0,0,0,0,0,0,0,0,0.966309991
2230,0,0,0,0,0,0,0,0,0,0,0,0,0.965460063
2231,0,0,0,0,0,0,0,0,0,0,0,0,0.964841278
2232,0,0,0,0,0,0,0,0,0,0,0,0,0.963655749
2233,0,0,0,0,0,0,0,0,0,0,0,0,0.961698492
2234,0,0,0,0,0,0,0,0,0,0,0,0,0.959453949
2235,0,0,0,0,0,0,0,0,0,0,0,0,0.957327053
2236,0,0,0,0,0,0,0,0,0,0,0,0,0.955140475
2237,0,0,0,0,0,0,0,0,0,0,0,0,0.953558145
2238,0,0,0,0,0,0,0,0,0,0,0,0,0.95273179
2239,0,0,0,0,0,0,0,0,0,0,0,0,0.952180853
2240,0,0,0,0,0,0,0,0,0,0,0,0,0.951730689
2241,0,0,0,0,0,0,0,0,0,0,0,0,0.952145994
2242,0,0,0,0,0,0,0,0,0,0,0,0,0.952641408
2243,0,0,0,0,0,0,0,0,0,0,0,0,0.954056643
2244,0,0,0,0,0,0,0,0,0,0,0,0,0.957078482
2245,0,0,0,0,0,0,0,0,0,0,0,0,0.960638803
2246,0,0,0,0,0,0,0,0,0,0,0,0,0.964221982
2247,0,0,0,0,0,0,0,0,0,0,0,0,0.968307493
2248,0,0,0,0,0,0,0,0,0,0,0,0,0.972691041
2249,0,0,0,0,0,0,0,0,0,0,0,0,0.97742349
2250,0,0,0,0,0,0,0,0,0,0,0,0,0.982898416
2251,0,0,0,0,0,0,0,0,0,0,0,0,0.98714443
2252,0,0,0,0,0,0,0,0,0,0,0,0,0.990734152
2253,0,0,0,0,0,0,0,0,0,0,0,0,0.993982826
2254,0,0,0,0,0,0,0,0,0,0,0,0,0.996786808
2255,0,0,0,0,0,0,0,0,0,0,0,0,0.998752904
2256,0,0,0,0,0,0,0,0,0,0,0,0,1
2257,0,0,0,0,0,0,0,0,0,0,0,0,0.999927455
2258,0,0,0,0,0,0,0,0,0,0,0,0,0.999151921
2259,0,0,0,0,0,0,0,0,0,0,0,0,0.997129452
2260,0,0,0,0,0,0,0,0,0,0,0,0,0.993883695
2261,0,0,0,0,0,0,0,0,0,0,0,0,0.989685968
2262,0,0,0,0,0,0,0,0,0,0,0,0,0.983735405
2263,0,0,0,0,0,0,0,0,0,0,0,0,0.976212761
2264,0,0,0,0,0,0,0,0,0,0,0,0,0.967813199
2265,0,0,0,0,0,0,0,0,0,0,0,0,0.958342887
2266,0,0,0,0,0,0,0,0,0,0,0,0,0.948440151
2267,0,0,0,0,0,0,0,0,0,0,0,0,0.9382028
2268,0,0,0,0,0,0,0,0,0,0,0,0,0.927724853
2269,0,0,0,0,0,0,0,0,0,0,0,0,0.917038819
2270,0,0,0,0,0,0,0,0,0,0,0,0,0.905999348
2271,0,0,0,0,0,0,0,0,0,0,0,0,0.893868367
2272,0,0,0,0,0,0,0,0,0,0,0,0,0.881682515
2273,0,0,0,0,0,0,0,0,0,0,0,0,0.86864716
2274,0,0,0,0,0,0,0,0,0,0,0,0,0.854635458
2275,0,0,0,0,0,0,0,0,0,0,0,0,0.840619936
2276,0,0,0,0,0,0,0,0,0,0,0,0,0.826015692
2277,0,0,0,0,0,0,0,0,0,0,0,0,0.809516209
2278,0,0,0,0,0,0,0,0,0,0,0,0,0.791866591
2279,0,0,0,0,0,0,0,0,0,0,0,0,0.772443017
2280,0,0,0,0,0,0,0,0,0,0,0,0,0.749106638
2281,0,0,0,0,0,0,0,0,0,0,0,0,0.720345599
2282,0,0,0,0,0,0,0,0,0,0,0,0,0.688185271
2283,0,0,0,0,0,0,0,0,0,0,0,0,0.651282733
2284,0,0,0,0,0,0,0,0,0,0,0,0,0.610049759
2285,0,0,0,0,0,0,0,0,0,0,0,0,0.56603087
2286,0,0,0,0,0,0,0,0,0,0,0,0,0.520969977
2287,0,0,0,0,0,0,0,0,0,0,0,0,0.474659094
2288,0,0,0,0,0,0,0,0,0,0,0,0,0.429259293
2289,0,0,0,0,0,0,0,0,0,0,0,0,0.38585714
2290,0,0,0,0,0,0,0,0,0,0,0,0,0.342091763
2291,0,0,0,0,0,0,0,0,0,0,0,0,0.300680041
2292,0,0,0,0,0,0,0,0,0,0,0,0,0.263176181
2293,0,0,0,0,0,0,0,0,0,0,0,0,0.227703987
2294,0,0,0,0,0,0,0,0,0,0,0,0,0.195720706
2295,0,0,0,0,0,0,0,0,0,0,0,0,0.168090024
2296,0,0,0,0,0,0,0,0,0,0,0,0,0.144679716
2297,0,0,0,0,0,0,0,0,0,0,0,0,0.124830647
2298,0,0,0,0,0,0,0,0,0,0,0,0,0.108237331
2299,0,0,0,0,0,0,0,0,0,0,0,0,0.09440058
2300,0,0,0,0,0,0,0,0,0,0,0,0,0.082363039
2301,0,0,0,0,0,0,0,0,0,0,0,0,0.071500068
2302,0,0,0,0,0,0,0,0,0,0,0,0,0.062690603
2303,0,0,0,0,0,0,0,0,0,0,0,0,0.054985448
2304,0,0,0,0,0,0,0,0,0,0,0,0,0.048194534
2305,0,0,0,0,0,0,0,0,0,0,0,0,0.042864117
2306,0,0,0,0,0,0,0,0,0,0,0,0,0.038598228
2307,0,0,0,0,0,0,0,0,0,0,0,0,0.034947252
2308,0,0,0,0,0,0,0,0,0,0,0,0,0.031998848
2309,0,0,0,0,0,0,0,0,0,0,0,0,0.029587869
2310,0,0,0,0,0,0,0,0,0,0,0,0,0.027418116
2311,0,0,0,0,0,0,0,0,0,0,0,0,0.025576973
2312,0,0,0,0,0,0,0,0,0,0,0,0,0.023959421
2313,0,0,0,0,0,0,0,0,0,0,0,0,0.021671692
2314,0,0,0,0,0,0,0,0,0,0,0,0,0.019147972
2315,0,0,0,0,0,0,0,0,0,0,0,0,0.016331132
2316,0,0,0,0,0,0,0,0,0,0,0,0,0.010988591
2317,0,0,0,0,0,0,0,0,0,0,0,0,0.007378602
2318,0,0,0,0,0,0,0,0,0,0,0,0,0.006510601
2319,0,0,0,0,0,0,0,0,0,0,0,0,0.004709556
2320,0,0,0,0,0,0,0,0,0,0,0,0,0.002065107
2321,0,0,0,0,0,0,0,0,0,0,0,0,0
2322,0,0,0,0,0,0,0,0,0,0,0,0,0
2323,0,0,0,0,0,0,0,0,0,0,0,0,0
2324,0,0,0,0,0,0,0,0,0,0,0,0,0
2325,0,0,0,0,0,0,0,0,0,0,0,0,0
2326,0,0,0,0,0,0,0,0,0,0,0,0,0
2327,0,0,0,0,0,0,0,0,0,0,0,0,0
2328,0,0,0,0,0,0,0,0,0,0,0,0,0
2329,0,0,0,0,0,0,0,0,0,0,0,0,0
2330,0,0,0,0,0,0,0,0,0,0,0,0,0
2331,0,0,0,0,0,0,0,0,0,0,0,0,0
2332,0,0,0,0,0,0,0,0,0,0,0,0,0
2333,0,0,0,0,0,0,0,0,0,0,0,0,0
2334,0,0,0,0,0,0,0,0,0,0,0,0,0
2335,0,0,0,0,0,0,0,0,0,0,0,0,0
2336,0,0,0,0,0,0,0,0,0,0,0,0,0
2337,0,0,0,0,0,0,0,0,0,0,0,0,0
2338,0,0,0,0,0,0,0,0,0,0,0,0,0
2339,0,0,0,0,0,0,0,0,0,0,0,0,0
2340,0,0,0,0,0,0,0,0,0,0,0,0,0
2341,0,0,0,0,0,0,0,0,0,0,0,0,0
2342,0,0,0,0,0,0,0,0,0,0,0,0,0
2343,0,0,0,0,0,0,0,0,0,0,0,0,0
2344,0,0,0,0,0,0,0,0,0,0,0,0,0
2345,0,0,0,0,0,0,0,0,0,0,0,0,0
2346,0,0,0,0,0,0,0,0,0,0,0,0,0
2347,0,0,0,0,0,0,0,0,0,0,0,0,0
2348,0,0,0,0,0,0,0,0,0,0,0,0,0
2349,0,0,0,0,0,0,0,0,0,0,0,0,0
2350,0,0,0,0,0,0,0,0,0,0,0,0,0
2351,0,0,0,0,0,0,0,0,0,0,0,0,0
2352,0,0,0,0,0,0,0,0,0,0,0,0,0
2353,0,0,0,0,0,0,0,0,0,0,0,0,0
2354,0,0,0,0,0,0,0,0,0,0,0,0,0
2355,0,0,0,0,0,0,0,0,0,0,0,0,0
2356,0,0,0,0,0,0,0,0,0,0,0,0,0
2357,0,0,0,0,0,0,0,0,0,0,0,0,0
2358,0,0,0,0,0,0,0,0,0,0,0,0,0
2359,0,0,0,0,0,0,0,0,0,0,0,0,0
2360,0,0,0,0,0,0,0,0,0,0,0,0,0
2361,0,0,0,0,0,0,0,0,0,0,0,0,0
2362,0,0,0,0,0,0,0,0,0,0,0,0,0
2363,0,0,0,0,0,0,0,0,0,0,0,0,0
2364,0,0,0,0,0,0,0,0,0,0,0,0,0
2365,0,0,0,0,0,0,0,0,0,0,0,0,0
2366,0,0,0,0,0,0,0,0,0,0,0,0,0
2367,0,0,0,0,0,0,0,0,0,0,0,0,0
2368,0,0,0,0,0,0,0,0,0,0,0,0,0
2369,0,0,0,0,0,0,0,0,0,0,0,0,0
2370,0,0,0,0,0,0,0,0,0,0,0,0,0
2371,0,0,0,0,0,0,0,0,0,0,0,0,0
2372,0,0,0,0,0,0,0,0,0,0,0,0,0
2373,0,0,0,0,0,0,0,0,0,0,0,0,0
2374,0,0,0,0,0,0,0,0,0,0,0,0,0
2375,0,0,0,0,0,0,0,0,0,0,0,0,0
2376,0,0,0,0,0,0,0,0,0,0,0,0,0
2377,0,0,0,0,0,0,0,0,0,0,0,0,0
2378,0,0,0,0,0,0,0,0,0,0,0,0,0
2379,0,0,0,0,0,0,0,0,0,0,0,0,0
2380,0,0,0,0,0,0,0,0,0,0,0,0,0
2381,0,0,0,0,0,0,0,0,0,0,0,0,0
2382,0,0,0,0,0,0,0,0,0,0,0,0,0
2383,0,0,0,0,0,0,0,0,0,0,0,0,0
2384,0,0,0,0,0,0,0,0,0,0,0,0,0
2385,0,0,0,0,0,0,0,0,0,0,0,0,0
2386,0,0,0,0,0,0,0,0,0,0,0,0,0
2387,0,0,0,0,0,0,0,0,0,0,0,0,0
2388,0,0,0,0,0,0,0,0,0,0,0,0,0
2389,0,0,0,0,0,0,0,0,0,0,0,0,0
2390,0,0,0,0,0,0,0,0,0,0,0,0,0
2391,0,0,0,0,0,0,0,0,0,0,0,0,0
2392,0,0,0,0,0,0,0,0,0,0,0,0,0
2393,0,0,0,0,0,0,0,0,0,0,0,0,0
2394,0,0,0,0,0,0,0,0,0,0,0,0,0
2395,0,0,0,0,0,0,0,0,0,0,0,0,0
2396,0,0,0,0,0,0,0,0,0,0,0,0,0
2397,0,0,0,0,0,0,0,0,0,0,0,0,0
2398,0,0,0,0,0,0,0,0,0,0,0,0,0
2399,0,0,0,0,0,0,0,0,0,0,0,0,0
2400,0,0,0,0,0,0,0,0,0,0,0,0,0
2401,0,0,0,0,0,0,0,0,0,0,0,0,0
2402,0,0,0,0,0,0,0,0,0,0,0,0,0
2403,0,0,0,0,0,0,0,0,0,0,0,0,0
2404,0,0,0,0,0,0,0,0,0,0,0,0,0
2405,0,0,0,0,0,0,0,0,0,0,0,0,0
2406,0,0,0,0,0,0,0,0,0,0,0,0,0
2407,0,0,0,0,0,0,0,0,0,0,0,0,0
2408,0,0,0,0,0,0,0,0,0,0,0,0,0
2409,0,0,0,0,0,0,0,0,0,0,0,0,0
2410,0,0,0,0,0,0,0,0,0,0,0,0,0
2411,0,0,0,0,0,0,0,0,0,0,0,0,0
2412,0,0,0,0,0,0,0,0,0,0,0,0,0
2413,0,0,0,0,0,0,0,0,0,0,0,0,0
2414,0,0,0,0,0,0,0,0,0,0,0,0,0
2415,0,0,0,0,0,0,0,0,0,0,0,0,0
2416,0,0,0,0,0,0,0,0,0,0,0,0,0
2417,0,0,0,0,0,0,0,0,0,0,0,0,0
2418,0,0,0,0,0,0,0,0,0,0,0,0,0
2419,0,0,0,0,0,0,0,0,0,0,0,0,0
2420,0,0,0,0,0,0,0,0,0,0,0,0,0
2421,0,0,0,0,0,0,0,0,0,0,0,0,0
2422,0,0,0,0,0,0,0,0,0,0,0,0,0
2423,0,0,0,0,0,0,0,0,0,0,0,0,0
2424,0,0,0,0,0,0,0,0,0,0,0,0,0
2425,0,0,0,0,0,0,0,0,0,0,0,0,0
2426,0,0,0,0,0,0,0,0,0,0,0,0,0
2427,0,0,0,0,0,0,0,0,0,0,0,0,0
2428,0,0,0,0,0,0,0,0,0,0,0,0,0
2429,0,0,0,0,0,0,0,0,0,0,0,0,0
2430,0,0,0,0,0,0,0,0,0,0,0,0,0
2431,0,0,0,0,0,0,0,0,0,0,0,0,0
2432,0,0,0,0,0,0,0,0,0,0,0,0,0
2433,0,0,0,0,0,0,0,0,0,0,0,0,0
2434,0,0,0,0,0,0,0,0,0,0,0,0,0
2435,0,0,0,0,0,0,0,0,0,0,0,0,0
2436,0,0,0,0,0,0,0,0,0,0,0,0,0
2437,0,0,0,0,0,0,0,0,0,0,0,0,0
2438,0,0,0,0,0,0,0,0,0,0,0,0,0
2439,0,0,0,0,0,0,0,0,0,0,0,0,0
2440,0,0,0,0,0,0,0,0,0,0,0,0,0
2441,0,0,0,0,0,0,0,0,0,0,0,0,0
2442,0,0,0,0,0,0,0,0,0,0,0,0,0
2443,0,0,0,0,0,0,0,0,0,0,0,0,0
2444,0,0,0,0,0,0,0,0,0,0,0,0,0
2445,0,0,0,0,0,0,0,0,0,0,0,0,0
2446,0,0,0,0,0,0,0,0,0,0,0,0,0
2447,0,0,0,0,0,0,0,0,0,0,0,0,0
2448,0,0,0,0,0,0,0,0,0,0,0,0,0
2449,0,0,0,0,0,0,0,0,0,0,0,0,0
2450,0,0,0,0,0,0,0,0,0,0,0,0,0
2451,0,0,0,0,0,0,0,0,0,0,0,0,0
2452,0,0,0,0,0,0,0,0,0,0,0,0,0
2453,0,0,0,0,0,0,0,0,0,0,0,0,0
2454,0,0,0,0,0,0,0,0,0,0,0,0,0
2455,0,0,0,0,0,0,0,0,0,0,0,0,0
2456,0,0,0,0,0,0,0,0,0,0,0,0,0
2457,0,0,0,0,0,0,0,0,0,0,0,0,0
2458,0,0,0,0,0,0,0,0,0,0,0,0,0
2459,0,0,0,0,0,0,0,0,0,0,0,0,0
2460,0,0,0,0,0,0,0,0,0,0,0,0,0
2461,0,0,0,0,0,0,0,0,0,0,0,0,0
2462,0,0,0,0,0,0,0,0,0,0,0,0,0
2463,0,0,0,0,0,0,0,0,0,0,0,0,0
2464,0,0,0,0,0,0,0,0,0,0,0,0,0
2465,0,0,0,0,0,0,0,0,0,0,0,0,0
2466,0,0,0,0,0,0,0,0,0,0,0,0,0
2467,0,0,0,0,0,0,0,0,0,0,0,0,0
2468,0,0,0,0,0,0,0,0,0,0,0,0,0
2469,0,0,0,0,0,0,0,0,0,0,0,0,0
2470,0,0,0,0,0,0,0,0,0,0,0,0,0
2471,0,0,0,0,0,0,0,0,0,0,0,0,0
2472,0,0,0,0,0,0,0,0,0,0,0,0,0
2473,0,0,0,0,0,0,0,0,0,0,0,0,0
2474,0,0,0,0,0,0,0,0,0,0,0,0,0
2475,0,0,0,0,0,0,0,0,0,0,0,0,0
2476,0,0,0,0,0,0,0,0,0,0,0,0,0
2477,0,0,0,0,0,0,0,0,0,0,0,0,0
2478,0,0,0,0,0,0,0,0,0,0,0,0,0
2479,0,0,0,0,0,0,0,0,0,0,0,0,0
2480,0,0,0,0,0,0,0,0,0,0,0,0,0
2481,0,0,0,0,0,0,0,0,0,0,0,0,0
2482,0,0,0,0,0,0,0,0,0,0,0,0,0
2483,0,0,0,0,0,0,0,0,0,0,0,0,0
2484,0,0,0,0,0,0,0,0,0,0,0,0,0
2485,0,0,0,0,0,0,0,0,0,0,0,0,0
2486,0,0,0,0,0,0,0,0,0,0,0,0,0
2487,0,0,0,0,0,0,0,0,0,0,0,0,0
2488,0,0,0,0,0,0,0,0,0,0,0,0,0
2489,0,0,0,0,0,0,0,0,0,0,0,0,0
2490,0,0,0,0,0,0,0,0,0,0,0,0,0
2491,0,0,0,0,0,0,0,0,0,0,0,0,0
2492,0,0,0,0,0,0,0,0,0,0,0,0,0
2493,0,0,0,0,0,0,0,0,0,0,0,0,0
2494,0,0,0,0,0,0,0,0,0,0,0,0,0
2495,0,0,0,0,0,0,0,0,0,0,0,0,0
2496,0,0,0,0,0,0,0,0,0,0,0,0,0
2497,0,0,0,0,0,0,0,0,0,0,0,0,0
2498,0,0,0,0,0,0,0,0,0,0,0,0,0
2499,0,0,0,0,0,0,0,0,0,0,0,0,0
2500,0,0,0,0,0,0,0,0,0,0,0,0,0
2501,0,0,0,0,0,0,0,0,0,0,0,0,0
2502,0,0,0,0,0,0,0,0,0,0,0,0,0
2503,0,0,0,0,0,0,0,0,0,0,0,0,0
2504,0,0,0,0,0,0,0,0,0,0,0,0,0
2505,0,0,0,0,0,0,0,0,0,0,0,0,0
2506,0,0,0,0,0,0,0,0,0,0,0,0,0
2507,0,0,0,0,0,0,0,0,0,0,0,0,0
2508,0,0,0,0,0,0,0,0,0,0,0,0,0
2509,0,0,0,0,0,0,0,0,0,0,0,0,0
2510,0,0,0,0,0,0,0,0,0,0,0,0,0
2511,0,0,0,0,0,0,0,0,0,0,0,0,0
2512,0,0,0,0,0,0,0,0,0,0,0,0,0
2513,0,0,0,0,0,0,0,0,0,0,0,0,0
2514,0,0,0,0,0,0,0,0,0,0,0,0,0
2515,0,0,0,0,0,0,0,0,0,0,0,0,0
2516,0,0,0,0,0,0,0,0,0,0,0,0,0
2517,0,0,0,0,0,0,0,0,0,0,0,0,0
2518,0,0,0,0,0,0,0,0,0,0,0,0,0
2519,0,0,0,0,0,0,0,0,0,0,0,0,0
2520,0,0,0,0,0,0,0,0,0,0,0,0,0
2521,0,0,0,0,0,0,0,0,0,0,0,0,0
2522,0,0,0,0,0,0,0,0,0,0,0,0,0
2523,0,0,0,0,0,0,0,0,0,0,0,0,0
2524,0,0,0,0,0,0,0,0,0,0,0,0,0
2525,0,0,0,0,0,0,0,0,0,0,0,0,0
2526,0,0,0,0,0,0,0,0,0,0,0,0,0
2527,0,0,0,0,0,0,0,0,0,0,0,0,0
2528,0,0,0,0,0,0,0,0,0,0,0,0,0
2529,0,0,0,0,0,0,0,0,0,0,0,0,0
2530,0,0,0,0,0,0,0,0,0,0,0,0,0
2531,0,0,0,0,0,0,0,0,0,0,0,0,0
2532,0,0,0,0,0,0,0,0,0,0,0,0,0
2533,0,0,0,0,0,0,0,0,0,0,0,0,0
2534,0,0,0,0,0,0,0,0,0,0,0,0,0
2535,0,0,0,0,0,0,0,0,0,0,0,0,0
2536,0,0,0,0,0,0,0,0,0,0,0,0,0
2537,0,0,0,0,0,0,0,0,0,0,0,0,0
2538,0,0,0,0,0,0,0,0,0,0,0,0,0
2539,0,0,0,0,0,0,0,0,0,0,0,0,0
2540,0,0,0,0,0,0,0,0,0,0,0,0,0
2541,0,0,0,0,0,0,0,0,0,0,0,0,0
2542,0,0,0,0,0,0,0,0,0,0,0,0,0
2543,0,0,0,0,0,0,0,0,0,0,0,0,0
2544,0,0,0,0,0,0,0,0,0,0,0,0,0
2545,0,0,0,0,0,0,0,0,0,0,0,0,0
2546,0,0,0,0,0,0,0,0,0,0,0,0,0
2547,0,0,0,0,0,0,0,0,0,0,0,0,0
2548,0,0,0,0,0,0,0,0,0,0,0,0,0
2549,0,0,0,0,0,0,0,0,0,0,0,0,0
2550,0,0,0,0,0,0,0,0,0,0,0,0,0
2551,0,0,0,0,0,0,0,0,0,0,0,0,0
2552,0,0,0,0,0,0,0,0,0,0,0,0,0
2553,0,0,0,0,0,0,0,0,0,0,0,0,0
2554,0,0,0,0,0,0,0,0,0,0,0,0,0
2555,0,0,0,0,0,0,0,0,0,0,0,0,0
2556,0,0,0,0,0,0,0,0,0,0,0,0,0
2557,0,0,0,0,0,0,0,0,0,0,0,0,0
2558,0,0,0,0,0,0,0,0,0,0,0,0,0
2559,0,0,0,0,0,0,0,0,0,0,0,0,0
2560,0,0,0,0,0,0,0,0,0,0,0,0,0
2561,0,0,0,0,0,0,0,0,0,0,0,0,0
2562,0,0,0,0,0,0,0,0,0,0,0,0,0
2563,0,0,0,0,0,0,0,0,0,0,0,0,0
2564,0,0,0,0,0,0,0,0,0,0,0,0,0
2565,0,0,0,0,0,0,0,0,0,0,0,0,0
2566,0,0,0,0,0,0,0,0,0,0,0,0,0
2567,0,0,0,0,0,0,0,0,0,0,0,0,0
2568,0,0,0,0,0,0,0,0,0,0,0,0,0
2569,0,0,0,0,0,0,0,0,0,0,0,0,0
2570,0,0,0,0,0,0,0,0,0,0,0,0,0
2571,0,0,0,0,0,0,0,0,0,0,0,0,0
2572,0,0,0,0,0,0,0,0,0,0,0,0,0
2573,0,0,0,0,0,0,0,0,0,0,0,0,0
2574,0,0,0,0,0,0,0,0,0,0,0,0,0
2575,0,0,0,0,0,0,0,0,0,0,0,0,0
2576,0,0,0,0,0,0,0,0,0,0,0,0,0
2577,0,0,0,0,0,0,0,0,0,0,0,0,0
2578,0,0,0,0,0,0,0,0,0,0,0,0,0
2579,0,0,0,0,0,0,0,0,0,0,0,0,0
2580,0,0,0,0,0,0,0,0,0,0,0,0,0
2581,0,0,0,0,0,0,0,0,0,0,0,0,0
2582,0,0,0,0,0,0,0,0,0,0,0,0,0
2583,0,0,0,0,0,0,0,0,0,0,0,0,0
2584,0,0,0,0,0,0,0,0,0,0,0,0,0
2585,0,0,0,0,0,0,0,0,0,0,0,0,0
2586,0,0,0,0,0,0,0,0,0,0,0,0,0
2587,0,0,0,0,0,0,0,0,0,0,0,0,0
2588,0,0,0,0,0,0,0,0,0,0,0,0,0
2589,0,0,0,0,0,0,0,0,0,0,0,0,0
2590,0,0,0,0,0,0,0,0,0,0,0,0,0
2591,0,0,0,0,0,0,0,0,0,0,0,0,0
2592,0,0,0,0,0,0,0,0,0,0,0,0,0
2593,0,0,0,0,0,0,0,0,0,0,0,0,0
2594,0,0,0,0,0,0,0,0,0,0,0,0,0
2595,0,0,0,0,0,0,0,0,0,0,0,0,0
2596,0,0,0,0,0,0,0,0,0,0,0,0,0
2597,0,0,0,0,0,0,0,0,0,0,0,0,0
2598,0,0,0,0,0,0,0,0,0,0,0,0,0
2599,0,0,0,0,0,0,0,0,0,0,0,0,0
2600,0,0,0,0,0,0,0,0,0,0,0,0,0
