nm_Band,Panchromatic,Coastal Blue,Blue,Green,Yellow,Red,Red Edge,NIR1,NIR2
350,5.5340663E-06,1.9392369E-06,7.5019579E-07,4.1570837E-07,3.1214522E-07,3.122859E-07,1.3187337E-07,3.4249373E-07,2.7515674E-07
351,5.8023003E-06,2.4672989E-06,5.3731325E-07,3.5469241E-07,1.9613864E-07,2.196034E-07,1.6760843E-07,1.7166678E-07,1.0415235E-06
352,6.073528E-06,2.9966029E-06,3.2362989E-07,2.9289922E-07,7.9068775E-08,1.2693395E-07,2.0377712E-07,7.231E-12,1.8173365E-06
353,6.3059555E-06,3.6665222E-06,4.057486E-07,2.2738706E-07,8.6638033E-08,1.1559629E-07,1.720752E-07,1.1505368E-08,1.2109853E-05
354,6.5497967E-06,4.3357254E-06,4.8778037E-07,1.6193366E-07,9.419833E-08,1.0473701E-07,1.4040052E-07,2.3050938E-08,2.2395752E-05
355,6.7758568E-06,3.2731958E-06,3.042196E-07,1.3249361E-07,9.8318436E-08,6.9418112E-08,2.8159198E-07,2.4305981E-08,1.9874005E-05
356,5.8166756E-06,2.1825735E-06,1.2263946E-07,1.0270482E-07,1.024247E-07,3.4310218E-08,4.2239287E-07,2.5556959E-08,1.7379704E-05
357,4.9322783E-06,2.5771297E-06,1.8719072E-07,1.3639006E-07,9.1299982E-08,3.7976255E-08,2.8735621E-07,4.9849543E-08,6.364545E-05
358,4.0225446E-06,2.9868452E-06,2.5266176E-07,1.7167065E-07,7.9715824E-08,4.1729825E-08,1.4739215E-07,7.4782573E-08,0.0001111394
359,3.1330883E-06,2.3823274E-06,2.7445942E-07,1.6837477E-07,6.3937148E-08,6.0845513E-08,1.5955011E-07,8.03746E-08,9.3464106E-05
360,2.1846226E-06,1.7487975E-06,2.9502501E-07,1.6474556E-07,4.7188687E-08,8.0825989E-08,1.7087718E-07,8.601687E-08,7.4834976E-05
361,2.2338414E-06,2.4774412E-06,2.0377389E-07,1.2981229E-07,3.968893E-08,5.4246302E-08,1.4598339E-07,4.5018286E-08,4.227922E-05
362,2.2788466E-06,3.273669E-06,1.0206934E-07,9.0592164E-08,3.1329589E-08,2.5099509E-08,1.1694336E-07,7.744E-12,6.5114404E-06
363,2.4374378E-06,3.4223526E-06,1.7155697E-07,1.0881388E-07,4.5789926E-08,5.5782338E-08,9.4296773E-08,1.3081201E-08,3.8105236E-06
364,2.5700448E-06,3.5795724E-06,2.5188502E-07,1.2856071E-07,6.2466244E-08,9.1464712E-08,6.5731766E-08,2.8505989E-08,5.4153476E-07
365,2.7439443E-06,3.5578522E-06,2.464541E-07,1.5024865E-07,6.1326276E-08,9.2652578E-08,1.1297886E-07,4.981902E-08,4.8149551E-07
366,2.9850187E-06,3.4782185E-06,2.3627106E-07,1.7341254E-07,5.8751547E-08,9.2360666E-08,1.6725999E-07,7.4411918E-08,3.9838173E-07
367,3.2331775E-06,4.0695872E-06,2.824502E-07,1.924355E-07,9.1275749E-08,1.0519144E-07,1.8918226E-07,8.652506E-08,5.4294842E-07
368,3.4791953E-06,4.7087881E-06,3.3287906E-07,2.1210118E-07,1.2810653E-07,1.18814E-07,2.1208888E-07,9.9571845E-08,7.057888E-07
369,3.8152965E-06,3.9299729E-06,3.824189E-07,2.4733898E-07,1.0787013E-07,1.5721369E-07,2.0322045E-07,7.9943263E-08,5.2075774E-07
370,4.1254804E-06,2.941125E-06,4.3520686E-07,2.8496236E-07,8.1922881E-08,2.004421E-07,1.8953592E-07,5.5185195E-08,2.8915802E-07
371,4.0393792E-06,4.4851959E-06,4.4511054E-07,2.6421525E-07,8.0006243E-08,1.6253333E-07,2.1881799E-07,3.2570931E-08,2.1862642E-07
372,3.892147E-06,6.2195595E-06,4.5090352E-07,2.3663599E-07,7.6844635E-08,1.1659319E-07,2.502796E-07,5.988468E-09,1.3473515E-07
373,3.641406E-06,6.2067779E-06,4.5866157E-07,2.77902E-07,8.6894931E-08,1.3422861E-07,2.3431832E-07,2.9069855E-08,1.3295995E-07
374,3.3321415E-06,6.1546924E-06,4.6452709E-07,3.22273E-07,9.7977873E-08,1.5309677E-07,2.1471618E-07,5.4657932E-08,1.3016822E-07
375,2.9725294E-06,5.3716325E-06,4.0999948E-07,2.491172E-07,8.4437388E-08,1.380369E-07,1.7587824E-07,2.8747439E-08,1.6104583E-07
376,3.349876E-06,4.472136E-06,3.4716409E-07,1.6665215E-07,6.907523E-08,1.2033952E-07,1.321392E-07,2.1881E-11,1.9435008E-07
377,3.6974603E-06,4.8258066E-06,4.2625378E-07,2.7748421E-07,7.7627405E-08,1.5209726E-07,1.7192659E-07,1.7846858E-08,2.4303848E-07
378,4.0607687E-06,5.1841378E-06,5.0972721E-07,3.9508039E-07,8.6129318E-08,1.8565225E-07,2.1442226E-07,3.6835017E-08,2.9525686E-07
379,4.4898256E-06,6.2698025E-06,4.7221987E-07,3.8603401E-07,8.1038572E-08,1.744948E-07,2.3869353E-07,3.2827616E-08,2.2158293E-07
380,4.9451956E-06,7.4164477E-06,4.3081678E-07,3.7556849E-07,7.4765146E-08,1.6231205E-07,2.6469802E-07,2.83316E-08,1.4105087E-07
381,4.6796646E-06,9.0190715E-06,3.6700564E-07,2.7951597E-07,7.1268524E-08,1.2093759E-07,2.4617255E-07,1.4605447E-08,1.7261252E-07
382,4.401131E-06,1.0744338E-05,2.9812651E-07,1.7741107E-07,6.7458295E-08,7.6471255E-08,2.2570394E-07,2.7496E-11,2.0484867E-07
383,4.0689366E-06,1.6256417E-05,3.4453188E-07,2.5649672E-07,5.2760819E-08,1.1981817E-07,2.8889889E-07,7.624928E-09,1.8272254E-07
384,3.7217619E-06,2.196594E-05,3.9167344E-07,3.3840106E-07,3.7698682E-08,1.6472268E-07,3.5379453E-07,1.5532055E-08,1.5965252E-07
385,3.3574111E-06,4.537973E-05,5.1489132E-07,4.2535229E-07,7.1229124E-08,2.3661614E-07,3.4016684E-07,3.0714551E-08,2.0957012E-07
386,3.4938928E-06,6.9595988E-05,6.421847E-07,5.1451733E-07,1.0613367E-07,3.1144156E-07,3.2587612E-07,4.6416714E-08,2.6016022E-07
387,3.6065391E-06,0.00013806116,6.0666545E-07,4.7954688E-07,2.2328741E-07,3.0387194E-07,3.4522348E-07,4.5838473E-08,2.4328054E-07
388,3.7262944E-06,0.00020807644,5.7107622E-07,4.436984E-07,3.4301226E-07,2.9607177E-07,3.6546269E-07,4.523804E-08,2.2597467E-07
389,3.8687036E-06,0.00041800307,6.4667852E-07,4.3203658E-07,4.6961049E-07,3.2633153E-07,5.5989629E-07,7.4660844E-08,2.3172157E-07
390,4.0140146E-06,0.00063465103,7.2447232E-07,4.1912648E-07,6.0076475E-07,3.5743721E-07,7.6047637E-07,1.0477756E-07,2.3651776E-07
391,4.4102886E-06,0.0012577345,6.283641E-07,4.1032816E-07,5.6141351E-06,2.5633355E-07,1.5569081E-06,5.3176684E-08,2.3638639E-07
392,4.8154736E-06,0.0018963521,5.2874263E-07,4.0119552E-07,1.0751859E-05,1.5314849E-07,2.3676005E-06,3.4087E-11,2.361882E-07
393,5.2064658E-06,0.0049336151,5.0983931E-07,3.6418987E-07,3.1420874E-05,1.9332622E-07,2.1410545E-06,2.443595E-09,2.5915056E-07
394,5.5967765E-06,0.0080125881,4.9154549E-07,3.2733562E-07,5.2311232E-05,2.3461716E-07,1.9169024E-06,4.889554E-09,2.8241205E-07
395,6.0275364E-06,0.027428402,5.8307094E-07,3.6965797E-07,2.7310406E-05,2.5116488E-07,1.2974895E-06,8.251118E-09,2.2534558E-07
396,5.6516655E-06,0.047372325,6.7787432E-07,4.130323E-07,1.5258187E-06,2.6750316E-07,6.6637864E-07,1.1709429E-08,1.6662898E-07
397,5.2422809E-06,0.10399993,7.1805122E-07,4.726119E-07,8.1324761E-07,3.4205669E-07,1.0809996E-06,3.7449412E-08,1.8957484E-07
398,4.8292926E-06,0.16180598,7.5894778E-07,5.3264105E-07,8.809386E-08,4.1812463E-07,1.5101601E-06,6.3792528E-08,2.1297158E-07
399,4.394308E-06,0.25805136,1.7700392E-06,4.8841612E-07,4.9879824E-08,3.5719391E-07,1.7645596E-06,1.2063913E-07,2.1373907E-07
400,3.9509726E-06,0.35598837,2.8048443E-06,4.4259922E-07,1.0640207E-08,2.9512621E-07,2.0172172E-06,1.7922454E-07,2.1449321E-07
401,3.8169887E-06,0.45902775,2.652837E-06,4.6553226E-07,4.4854861E-08,2.9841602E-07,1.4409779E-06,9.0053008E-08,1.786629E-07
402,3.681547E-06,0.56306531,2.4992366E-06,4.8792938E-07,7.9066967E-08,3.0111165E-07,8.5901133E-07,3.8089E-11,1.4131493E-07
403,3.542732E-06,0.6220937,2.3033997E-06,4.818233E-07,5.9931642E-08,3.0056695E-07,1.4173756E-06,5.4872372E-08,1.4309339E-07
404,3.4026062E-06,0.68161875,2.1156768E-06,4.7640166E-07,4.0355178E-08,3.0000893E-07,1.9805653E-06,1.1035762E-07,1.4488327E-07
405,3.2667679E-06,0.70071904,1.654245E-06,4.953566E-07,3.1332756E-08,2.873796E-07,1.640783E-06,1.0437274E-07,1.778401E-07
406,3.450752E-06,0.7200551,1.1852618E-06,5.1532894E-07,2.2232041E-08,2.7388833E-07,1.2953978E-06,9.8281639E-08,2.1130672E-07
407,3.6339465E-06,0.73305532,1.0740407E-06,5.013538E-07,8.0344234E-08,3.3739779E-07,1.0973991E-06,9.7745022E-08,2.2393268E-07
408,3.8199106E-06,0.74619441,9.5665157E-07,4.8707288E-07,1.3883091E-07,4.0197938E-07,8.9579706E-07,9.6482881E-08,2.3554483E-07
409,4.0058216E-06,0.75571345,1.7587667E-06,5.0422029E-07,1.5672794E-07,4.0774909E-07,9.4008829E-07,9.6383523E-08,3.1968989E-07
410,4.1873293E-06,0.7653071,2.5667821E-06,5.2076739E-07,1.7484186E-07,4.1356706E-07,9.7840334E-07,9.6277066E-08,4.0488001E-07
411,4.5873638E-06,0.77339758,3.8683688E-06,4.5955348E-07,1.8806882E-07,3.8964735E-07,1.051811E-06,1.3863488E-07,3.1132484E-07
412,4.982438E-06,0.78151302,5.1752037E-06,3.9808619E-07,2.0134759E-07,3.6497358E-07,1.1255061E-06,1.8116337E-07,2.1861458E-07
413,5.4181191E-06,0.79417047,7.1340316E-06,3.8218851E-07,1.8419172E-07,3.5475472E-07,9.9686227E-07,1.696319E-07,2.1294987E-07
414,5.8602883E-06,0.80695129,9.1237908E-06,3.6599478E-07,1.6673972E-07,3.4499788E-07,8.6603716E-07,1.578967E-07,2.0841984E-07
415,6.2917015E-06,0.817088,1.348131E-05,3.5903507E-07,1.3467539E-07,6.229121E-07,8.7721485E-07,8.6310205E-08,1.5807382E-07
416,5.7269991E-06,0.82729741,1.7926625E-05,3.5198768E-07,1.0153374E-07,9.050541E-07,8.8847367E-07,1.4190521E-08,1.0719369E-07
417,5.1432546E-06,0.83488083,2.4287438E-05,4.692239E-07,1.6230075E-07,6.8565796E-07,1.6075731E-06,5.0353342E-08,1.3530088E-07
418,4.5563018E-06,0.84249414,3.078944E-05,5.8626943E-07,2.2339263E-07,4.610282E-07,2.3372372E-06,8.6488329E-08,1.6482544E-07
419,3.9754065E-06,0.85210484,3.601153E-05,4.6219228E-07,2.1261953E-07,3.7324862E-07,1.7414799E-06,9.0637245E-08,1.1850565E-07
420,3.3953382E-06,0.86178001,4.117641E-05,3.3767368E-07,2.0247723E-07,2.8525313E-07,1.1464503E-06,9.4077807E-08,7.1843712E-08
421,4.4614461E-06,0.8703355,4.5458544E-05,4.2734463E-07,1.9421422E-07,3.0337075E-07,1.0893386E-06,7.2613065E-08,1.1644704E-07
422,5.5352128E-06,0.87893544,4.9770878E-05,5.1848829E-07,1.8663976E-07,3.216139E-07,1.0249564E-06,5.0614772E-08,1.6124323E-07
423,6.6215173E-06,0.88808986,5.3276261E-05,4.5908969E-07,3.3560039E-07,2.8995531E-07,7.4118203E-07,5.242141E-08,2.1635899E-07
424,7.6893946E-06,0.89729882,5.6920787E-05,3.9916017E-07,4.8585015E-07,2.5801247E-07,4.5284479E-07,5.4242307E-08,2.7064792E-07
425,8.8388994E-06,0.90505522,7.0128558E-05,3.7412276E-07,3.3329524E-07,2.8493186E-07,7.4095714E-07,1.0213209E-07,2.3008025E-07
426,9.5094187E-06,0.91285463,8.3346526E-05,3.4883878E-07,1.8006783E-07,3.113957E-07,1.0366118E-06,1.5008389E-07,1.8912535E-07
427,1.0164798E-05,0.91566507,0.0001165842,3.6243838E-07,2.1433257E-07,2.8629698E-07,1.0323033E-06,1.4509602E-07,1.7249411E-07
428,1.0823427E-05,0.91847884,0.00014995238,3.7610356E-07,2.4877102E-07,2.6036384E-07,1.0209671E-06,1.4008073E-07,1.5577518E-07
429,1.1444277E-05,0.92283931,0.00024320981,3.4817146E-07,2.5392204E-07,2.8780359E-07,5.3349453E-06,1.1062985E-07,1.4198071E-07
430,1.2142077E-05,0.92720806,0.00033741865,3.2079541E-07,2.5833793E-07,3.1480567E-07,9.6790401E-06,8.0871065E-08,1.276383E-07
431,2.7187372E-05,0.9355417,0.00054868134,3.4479574E-07,3.2217561E-07,3.3916567E-07,3.784289E-05,1.5550998E-07,1.7424399E-07
432,4.2309152E-05,0.94392361,0.00076201998,3.6902141E-07,3.8663451E-07,3.6303873E-07,6.6284634E-05,2.3166865E-07,2.222483E-07
433,5.7488382E-05,0.9513918,0.0011538332,4.6093987E-07,3.7799368E-07,2.8917306E-07,3.5535409E-05,2.022489E-07,1.7277156E-07
434,7.2730559E-05,0.95888196,0.0015472733,5.5410827E-07,3.6931301E-07,2.1499553E-07,4.6285281E-06,1.7270408E-07,1.2443873E-07
435,8.8108926E-05,0.96508815,0.0022771204,4.6150392E-07,4.2974725E-07,1.6225769E-07,2.507843E-06,1.0360824E-07,1.1367797E-07
436,0.00016152026,0.97131689,0.0030111925,3.6922768E-07,4.8973428E-07,1.0920984E-07,3.7330752E-07,3.4345748E-08,1.028528E-07
437,0.00023523949,0.97663674,0.0046231026,3.2012364E-07,4.3123868E-07,1.6529616E-07,3.5686751E-07,7.2991257E-08,5.5095837E-07
438,0.00030931071,0.98197142,0.0062427159,2.7077988E-07,3.7165942E-07,2.2165042E-07,3.4034449E-07,1.1158273E-07,1.0020334E-06
439,0.00038432929,0.98395,0.01298592,2.224221E-07,6.9901288E-07,2.5025026E-07,5.8377853E-07,8.481771E-07,1.093826E-06
440,0.00045993191,0.98592107,0.019782129,1.7456287E-07,1.0289379E-06,2.7907033E-07,8.3204284E-07,1.5986081E-06,1.1876965E-06
441,0.00095130268,0.98662833,0.038890946,2.2537679E-07,3.1274701E-06,1.9808153E-07,1.5481973E-05,4.780944E-06,6.7041939E-07
442,0.0014530544,0.98730112,0.058201572,2.776177E-07,5.256338E-06,1.1548168E-07,3.0242974E-05,8.0050796E-06,1.4760595E-07
443,0.0019446055,0.99088697,0.10544424,3.7656432E-07,4.7500291E-06,2.7569942E-07,1.757608E-05,4.2347803E-06,1.4777749E-07
444,0.0024447126,0.99447355,0.15279567,4.7483993E-07,4.2425095E-06,4.3554466E-07,4.9314266E-06,4.52449E-07,1.479483E-07
445,0.0029514707,0.99723579,0.2452001,5.3389719E-07,3.2343847E-06,3.780678E-07,2.5881149E-06,3.6893059E-07,2.1279385E-07
446,0.023997017,1,0.33816011,5.9330397E-07,2.2119189E-06,3.2023752E-07,2.2983997E-07,2.8490129E-07,2.7802869E-07
447,0.045203756,0.98313502,0.44793846,4.3629753E-07,1.5305382E-06,2.5342965E-07,2.3235566E-07,1.5706316E-07,1.3511879E-06
448,0.066597859,0.96609091,0.55868039,2.7788113E-07,8.4304923E-07,1.8601981E-07,2.3488687E-07,2.7752479E-08,2.4366896E-06
449,0.08765155,0.91012272,0.6296967,4.2169965E-07,6.9307505E-07,2.4974241E-07,2.1652544E-07,2.0439087E-07,1.8308953E-06
450,0.1097664,0.85393995,0.70097007,5.6604601E-07,5.3839291E-07,3.1369834E-07,1.9809432E-07,3.8134864E-07,1.2200031E-06
451,0.17362635,0.75346182,0.72655887,6.1455722E-07,4.2872919E-07,2.9374776E-07,2.662991E-07,3.1219859E-07,1.0068662E-06
452,0.23844389,0.65266381,0.75222197,6.6321523E-07,3.1871941E-07,2.744908E-07,3.3395938E-07,2.4199839E-07,7.9305541E-07
453,0.30424356,0.52339927,0.76298708,5.4621402E-07,3.7017358E-07,2.7181874E-07,2.3746941E-07,2.8725651E-07,8.6365045E-07
454,0.36981445,0.3930513,0.77382175,4.2730539E-07,4.2288324E-07,2.6988213E-07,1.4017463E-07,3.328819E-07,9.3480773E-07
455,0.4361629,0.28157711,0.77825492,4.5823366E-07,3.9298002E-07,3.0517303E-07,1.2759442E-07,3.2712439E-07,5.6684607E-07
456,0.44590289,0.16944902,0.78270319,4.8840564E-07,3.62897E-07,3.4066548E-07,1.1493911E-07,3.2217217E-07,1.9528446E-07
457,0.45648778,0.11034867,0.78664791,5.0563143E-07,3.527148E-07,2.4722354E-07,1.5396499E-07,2.7791624E-07,1.685805E-07
458,0.46715647,0.050694291,0.79060387,5.2300127E-07,3.4242633E-07,1.5290328E-07,1.9257596E-07,2.3323912E-07,1.4264438E-07
459,0.47731439,0.029890841,0.79529316,1.4132013E-06,5.3332371E-07,1.0046285E-06,1.8701868E-07,2.6050489E-07,9.0973918E-08
460,0.48753262,0.0089461483,0.80000019,2.3065619E-06,7.2550296E-07,1.8675671E-06,1.8219914E-07,2.8709351E-07,3.8952353E-08
461,0.49053198,0.0052761112,0.80013379,3.1092478E-06,7.2102277E-07,3.0779297E-06,1.6736054E-07,3.4185003E-07,1.9544458E-08
462,0.49274231,0.0016080123,0.80025873,3.9209116E-06,7.1653727E-07,4.2797909E-06,1.5175002E-07,3.9657308E-07,1.11211E-10
463,0.49696981,0.0010581279,0.80321533,4.9316164E-06,5.6353487E-07,2.6027177E-06,1.5467008E-07,3.7142658E-07,1.216613E-07
464,0.50121865,0.00050403809,0.80617695,5.9499015E-06,4.0849284E-07,9.1283184E-07,1.5682487E-07,3.4521768E-07,2.4424532E-07
465,0.50499219,0.00036089963,0.80985937,8.51169E-06,5.0929942E-07,7.9577217E-07,1.6329875E-07,5.2192075E-07,4.1350531E-07
466,0.50798146,0.00021740487,0.81354518,1.1070176E-05,6.0948462E-07,6.8472992E-07,1.6900136E-07,6.9905475E-07,5.8466259E-07
467,0.51252991,0.00016959987,0.81855486,1.2171667E-05,5.3470594E-07,6.4566463E-07,1.2393706E-07,6.4295615E-07,3.0103034E-07
468,0.51790002,0.00012118411,0.82358504,1.3378488E-05,4.5927364E-07,6.0624788E-07,7.8167159E-08,5.863606E-07,1.4531954E-08
469,0.52174041,9.6270561E-05,0.82481692,1.3705324E-05,4.4654443E-07,8.9355648E-07,1.1368212E-07,4.8124577E-07,1.1495881E-08
470,0.52559558,7.1216848E-05,0.82604517,1.4130593E-05,4.3286053E-07,1.1760557E-06,1.4907483E-07,3.7553859E-07,8.45778E-09
471,0.52700397,5.8623617E-05,0.82754809,1.4437581E-05,5.5730248E-07,2.0264306E-06,3.2562933E-07,3.7509332E-07,4.294035E-09
472,0.52841203,4.6177238E-05,0.82904884,1.4842186E-05,6.8202721E-07,2.8707311E-06,5.0258819E-07,3.7376503E-07,1.11773E-10
473,0.53076677,2.9873415E-05,0.83280034,1.7026133E-05,6.7431818E-07,1.9301552E-06,5.9301389E-07,3.8632727E-07,1.8910392E-06
474,0.53312805,1.3615346E-05,0.83656242,1.922266E-05,6.6566946E-07,9.9209987E-07,6.8476575E-07,3.9984251E-07,3.7931481E-06
475,0.53558258,1.1541162E-05,0.84226233,1.9771336E-05,7.0590347E-07,9.5470606E-07,7.8442724E-07,7.3648858E-07,3.6830919E-06
476,0.53316776,9.4361661E-06,0.84798489,2.0323104E-05,7.4548464E-07,9.2518287E-07,8.814575E-07,1.0769818E-06,3.5723014E-06
477,0.53090169,9.5398202E-06,0.85778186,2.0884719E-05,7.1226998E-07,9.283263E-07,1.3956496E-06,1.2771211E-06,1.9607187E-06
478,0.52861085,9.6440112E-06,0.86763035,2.1548632E-05,6.7792017E-07,9.2330394E-07,1.9051723E-06,1.4785991E-06,3.3967848E-07
479,0.52502256,7.3997947E-06,0.87304712,2.1999389E-05,6.9311543E-07,7.4132604E-07,1.3794296E-06,1.0421228E-06,2.7735927E-07
480,0.52223283,5.1441683E-06,0.87848171,2.2551527E-05,7.0747859E-07,5.6170622E-07,8.5101776E-07,6.0793501E-07,2.1472244E-07
481,0.52394779,8.1723921E-06,0.8779204,2.3585164E-05,7.1229697E-07,9.0487017E-07,2.2377336E-06,5.701786E-07,1.3756402E-07
482,0.52566474,1.1192774E-05,0.87735069,2.4622152E-05,7.1712654E-07,1.244254E-06,3.6291634E-06,5.3228919E-07,6.0141372E-08
483,0.52875017,1.1168752E-05,0.87653504,2.8587445E-05,6.3565414E-07,1.4459404E-06,7.9284956E-06,1.3592641E-06,1.4190335E-07
484,0.53101629,1.1126253E-05,0.87570434,3.2573985E-05,5.537304E-07,1.6487076E-06,1.2218121E-05,2.1898172E-06,2.2442052E-07
485,0.53366042,1.0999763E-05,0.878267,3.5601629E-05,6.9794563E-07,1.280237E-06,1.3833697E-05,1.5955409E-06,6.8024979E-07
486,0.53297164,1.0853879E-05,0.88083162,3.8750231E-05,8.4313332E-07,9.0922759E-07,1.5376942E-05,1.0063268E-06,1.1407488E-06
487,0.52978183,1.080197E-05,0.88535358,4.1890501E-05,7.0968022E-07,1.2098694E-06,1.0392802E-05,7.1378159E-07,9.5586661E-07
488,0.52742213,1.0768295E-05,0.88987152,4.5133204E-05,5.7706235E-07,1.5106722E-06,5.4223984E-06,4.2381168E-07,7.7087272E-07
489,0.52484215,9.9205279E-06,0.89871377,5.5715036E-05,6.5312206E-07,2.2316964E-06,4.6557302E-06,4.4826307E-07,4.025069E-07
490,0.52308945,9.0886249E-06,0.90757579,6.6428564E-05,7.3031748E-07,2.946434E-06,3.8784586E-06,4.7278266E-07,3.1963888E-08
491,0.53106382,9.0694031E-06,0.91739735,8.9364675E-05,6.5390821E-07,2.3614914E-06,3.1821144E-06,5.3826128E-07,1.6282713E-07
492,0.53824418,9.0683575E-06,0.92727543,0.00011238251,5.7780021E-07,1.7633921E-06,2.4801432E-06,6.0424912E-07,2.9520591E-07
493,0.54397883,1.1141674E-05,0.93384345,0.000175309,5.4891364E-07,1.9652361E-06,8.9087512E-06,5.2264586E-07,2.1736464E-07
494,0.54970428,1.3213489E-05,0.9403979,0.00023819049,5.2004107E-07,2.1669253E-06,1.5374962E-05,4.4109227E-07,1.3767023E-07
495,0.55727957,1.1728878E-05,0.95019152,0.00039629063,3.3690469E-07,2.8837944E-06,1.5336754E-05,3.357521E-07,1.3537828E-07
496,0.55724732,1.0235201E-05,0.96003056,0.00055533208,1.5359649E-07,3.6049211E-06,1.5382622E-05,2.2977567E-07,1.3307069E-07
497,0.55786546,7.675655E-06,0.97118818,0.00094120407,3.4960411E-07,2.6489564E-06,1.1797266E-05,1.9056574E-07,6.6812847E-08
498,0.55847423,5.0945367E-06,0.98241368,0.0013302747,5.4723933E-07,1.6763871E-06,8.0879153E-06,1.5008541E-07,1.25976E-10
499,0.55835691,3.2049947E-06,0.9911881,0.0022085651,3.6147891E-07,1.6125718E-06,4.6581115E-06,2.3329915E-07,3.6787949E-07
500,0.55823167,1.3064638E-06,1,0.0030918636,1.7464831E-07,1.5397676E-06,1.200003E-06,3.1793058E-07,7.3624619E-07
501,0.56700883,1.412747E-06,0.99661277,0.0054021691,2.7762876E-07,2.0564801E-06,8.659646E-07,2.2554062E-07,9.1935758E-07
502,0.57578699,1.5171888E-06,0.99321665,0.0077137454,3.806656E-07,2.5734709E-06,5.283004E-07,1.3309675E-07,1.1025663E-06
503,0.58601029,1.2330161E-06,0.96466338,0.014494754,2.4626466E-07,1.9677643E-06,2.5627524E-06,1.4955315E-07,5.6984253E-07
504,0.59628266,9.4536603E-07,0.93594168,0.021312825,1.1207247E-07,1.3587078E-06,4.6135195E-06,1.6609812E-07,3.4512133E-08
505,0.60553326,8.6250305E-07,0.85577938,0.040519839,2.2341053E-07,8.290051E-07,4.2209118E-06,2.4986261E-07,2.6560875E-08
506,0.60871959,7.7756962E-07,0.77545767,0.059763601,3.3496168E-07,2.9480909E-07,3.8361631E-06,3.3283596E-07,1.8431043E-08
507,0.61399523,6.7281925E-07,0.65464145,0.10901705,2.6245918E-07,2.5219506E-07,2.235684E-06,3.7482744E-07,6.0036331E-08
508,0.61842021,5.6552563E-07,0.53310461,0.1585592,1.904832E-07,2.0932656E-07,6.2574552E-07,4.1801781E-07,1.0205E-07
509,0.62216319,6.3376539E-07,0.41558092,0.25486166,1.7836139E-07,2.55141E-07,4.1356441E-07,3.171945E-07,1.5351605E-07
510,0.62679189,7.0224726E-07,0.29762947,0.35151038,1.6715516E-07,3.0111921E-07,2.0061343E-07,2.1600449E-07,2.0582567E-07
511,0.62121182,8.0142515E-07,0.22145089,0.46254831,1.668147E-07,2.7852037E-07,1.8560331E-07,3.1124363E-07,2.7435653E-07
512,0.6155771,9.0132722E-07,0.14469861,0.57440609,1.6646821E-07,2.5574689E-07,1.7047718E-07,4.0718775E-07,3.4505252E-07
513,0.60865882,8.7440191E-07,0.1066236,0.63767104,1.548916E-07,2.1699638E-07,1.9161347E-07,2.6797693E-07,3.9325589E-07
514,0.6008495,8.4939708E-07,0.068529709,0.70096184,1.4330842E-07,1.7910822E-07,2.1187937E-07,1.2869787E-07,4.4313928E-07
515,0.59541384,9.3924013E-07,0.050368437,0.72300742,1.3593487E-07,2.450711E-07,1.2782991E-07,2.9012408E-07,8.0217456E-07
516,0.60237964,1.0315164E-06,0.032106602,0.74516569,1.2754548E-07,3.1139411E-07,4.2962713E-08,4.5146232E-07,1.1631764E-06
517,0.60849748,1.0875212E-06,0.022842873,0.75506552,2.2909929E-07,2.5938701E-07,8.2938678E-08,4.0430928E-07,9.8087345E-07
518,0.61551836,1.1456196E-06,0.013555038,0.76498656,3.318907E-07,2.0635435E-07,1.2319486E-07,3.5605638E-07,7.9809307E-07
519,0.62309397,1.06537E-06,0.0096586799,0.77216944,2.3511764E-07,1.9906198E-07,1.5299035E-07,3.3383978E-07,6.2464879E-07
520,0.630712,9.8452247E-07,0.0057341091,0.77938902,1.3862708E-07,1.9081744E-07,1.8299721E-07,3.1145691E-07,4.482596E-07
521,0.63775191,8.0516583E-07,0.0045137381,0.78240309,1.43512E-07,2.1137657E-07,1.4815117E-07,3.7327482E-07,3.5718254E-07
522,0.64478343,6.2588128E-07,0.0032938656,0.78540934,1.4839358E-07,2.3192493E-07,1.1242693E-07,4.3506249E-07,2.6614252E-07
523,0.65352167,8.6413093E-07,0.0026531826,0.79221241,3.388732E-07,1.8041985E-07,1.0911897E-07,3.6227331E-07,2.1950334E-07
524,0.66229554,1.1054934E-06,0.0020094003,0.79904049,5.302638E-07,1.2866583E-07,1.0579407E-07,2.8814447E-07,1.7263819E-07
525,0.67154084,8.993634E-07,0.0016559537,0.80684987,3.5707537E-07,1.144632E-07,1.1225982E-07,1.799011E-07,2.1701096E-07
526,0.66725104,6.9054503E-07,0.0013013006,0.81468042,1.8230724E-07,1.0021173E-07,1.1874673E-07,7.1586995E-08,2.6153259E-07
527,0.66519951,1.0595939E-06,0.0010878203,0.82356724,2.744797E-07,5.6907601E-08,1.1738325E-07,1.0534568E-07,1.858004E-06
528,0.66220797,1.4293741E-06,0.00087272528,0.83250322,3.673339E-07,1.3552173E-08,1.1600716E-07,1.386557E-07,3.4560782E-06
529,0.65847717,2.5220514E-06,0.00073897811,0.83662679,4.3775472E-07,1.2020987E-07,1.6606169E-07,1.258453E-07,6.1156685E-06
530,0.65473338,3.6274695E-06,0.00060489218,0.84075604,5.0935E-07,2.2704261E-07,2.1624054E-07,1.1300215E-07,8.7818798E-06
531,0.66155881,2.5870181E-06,0.00051300259,0.84116715,3.8852129E-07,1.368623E-07,1.5092209E-07,6.1941751E-08,4.8229017E-06
532,0.66838953,1.5592406E-06,0.00042099015,0.84157419,2.685346E-07,4.6015642E-08,8.4516754E-08,1.0614048E-08,8.621606E-07
533,0.67667403,9.9611208E-07,0.00036200298,0.84250331,1.9492973E-07,2.3163616E-08,1.2680979E-07,4.6390394E-08,5.4939668E-07
534,0.6849966,4.2982494E-07,0.00030268328,0.8434274,1.1990362E-07,7.2623E-11,1.6924612E-07,8.2366078E-08,2.3660554E-07
535,0.69309803,4.0051785E-07,0.00025923436,0.84430485,2.0200402E-07,2.4204452E-08,1.614003E-07,4.6732687E-08,3.8259677E-07
536,0.69291686,3.710657E-07,0.00021557359,0.84517844,2.8449811E-07,4.8340801E-08,1.5259587E-07,1.0825964E-08,5.2928782E-07
537,0.69217349,4.7117388E-07,0.00018396564,0.84629798,2.2816503E-07,2.4301428E-08,1.6296767E-07,1.6315567E-08,2.8679363E-06
538,0.69049668,5.7159905E-07,0.00015225558,0.84741595,1.7165056E-07,7.3853E-11,1.7337162E-07,2.1721111E-08,5.2227444E-06
539,0.68936994,4.1947937E-07,0.0001306497,0.84887628,1.4844637E-07,3.3074587E-08,1.4493658E-07,1.087202E-08,4.9494172E-06
540,0.68823724,2.6907525E-07,0.00010894003,0.85033527,1.2417466E-07,6.6218732E-08,1.1644084E-07,8.3101E-11,4.6754881E-06
541,0.6845702,4.0529102E-07,9.5459461E-05,0.85479328,2.6369071E-07,4.265305E-08,1.1321308E-07,1.1030841E-08,2.4000191E-06
542,0.68085484,5.4263013E-07,8.1864194E-05,0.85926621,4.0436126E-07,1.8983612E-08,1.099555E-07,2.2050656E-08,1.0712963E-07
543,0.67572457,4.2783631E-07,7.0752084E-05,0.86017941,3.1838261E-07,1.0294134E-07,1.2029262E-07,3.7769845E-08,7.6752606E-08
544,0.66964552,3.1493291E-07,5.9623563E-05,0.86108948,2.3227817E-07,1.8823722E-07,1.3064405E-07,5.3511536E-08,4.6507488E-08
545,0.66497328,3.6950275E-07,5.1422644E-05,0.86351554,3.6281117E-07,1.4181573E-07,6.9906929E-08,1.0609256E-07,2.9856829E-07
546,0.67347133,4.2644987E-07,4.3024317E-05,0.86594464,4.9305172E-07,9.6069109E-08,8.596689E-09,1.6010892E-07,5.510024E-07
547,0.67972191,8.515702E-06,4.9063408E-05,0.86807735,2.669142E-06,9.0685225E-08,1.3056549E-08,1.3233407E-07,1.5728764E-06
548,0.68692482,1.6610671E-05,5.4962574E-05,0.87020942,4.8458933E-06,8.5291531E-08,1.7580501E-08,1.045103E-07,2.5911935E-06
549,0.69422842,7.8988137E-05,6.0812234E-05,0.87637941,5.9263558E-06,1.0213741E-07,2.2427983E-08,5.7668167E-08,1.8145577E-06
550,0.70156014,0.00014168023,6.6688956E-05,0.8825705,7.0014619E-06,1.1944107E-07,2.7203689E-08,1.0708303E-08,1.0306721E-06
551,0.70349736,7.2510913E-05,6.4278398E-05,0.88908406,6.8457866E-06,7.6313757E-08,6.9807734E-08,4.6058621E-08,5.6707902E-07
552,0.70448084,3.1047841E-06,6.2018075E-05,0.8955926,6.6900514E-06,3.3086696E-08,1.1241573E-07,8.1412292E-08,1.0361285E-07
553,0.70750262,1.6865244E-06,6.2654283E-05,0.90584832,5.7809898E-06,4.155118E-08,1.3453721E-07,7.6854565E-08,9.0860506E-08
554,0.71053286,2.5361589E-07,6.3293406E-05,0.91615241,4.876973E-06,5.0064885E-08,1.5583676E-07,7.2269029E-08,7.8211375E-08
555,0.71357642,3.0650275E-07,6.0657672E-05,0.92446903,4.3711018E-06,7.5933161E-08,1.5513297E-07,9.9514922E-08,1.5002386E-07
556,0.71183523,3.5955608E-07,5.7860934E-05,0.93280673,3.8740947E-06,1.0236161E-07,1.5442603E-07,1.2695183E-07,2.2134411E-07
557,0.71051196,3.0303692E-07,5.882361E-05,0.93904567,4.5603284E-06,1.9436225E-07,1.5169286E-07,1.4490895E-07,1.5687132E-07
558,0.70918305,2.4642209E-07,5.9940124E-05,0.94529046,5.2582001E-06,2.8651528E-07,1.4799957E-07,1.6394623E-07,9.1389029E-08
559,0.70900925,3.8267714E-07,6.1241421E-05,0.95376566,4.5393716E-06,2.029641E-07,2.5304214E-07,1.2765046E-07,1.1996645E-07
560,0.70978554,5.199685E-07,6.2551349E-05,0.96228486,3.8255289E-06,1.1780226E-07,3.5888454E-07,9.1285393E-08,1.4876035E-07
561,0.72163216,5.2084147E-07,5.803796E-05,0.96834927,5.7426199E-06,7.6990185E-08,1.0697873E-06,4.5719326E-08,9.006105E-08
562,0.73254397,5.2171424E-07,5.350907E-05,0.97442822,7.6661129E-06,3.633128E-08,1.7859665E-06,8.5004E-11,3.134638E-08
563,0.74430102,4.5423365E-07,5.6212436E-05,0.97877471,1.4587928E-05,9.479318E-08,2.2623018E-06,4.2989673E-08,1.5732557E-08
564,0.75511526,3.8655381E-07,5.876873E-05,0.9831286,2.1647152E-05,1.5352224E-07,2.7303321E-06,8.5891365E-08,1.65962E-10
565,0.76575249,2.6941159E-07,5.8683535E-05,0.98572639,2.6690646E-05,8.6385634E-08,2.084103E-06,7.4897259E-08,1.65976E-10
566,0.76373109,1.5070624E-07,5.8752872E-05,0.98832551,3.1745952E-05,1.9089628E-08,1.4460384E-06,6.3769936E-08,1.65989E-10
567,0.7630856,2.576557E-07,5.2087636E-05,0.99261347,4.8887372E-05,4.9234766E-08,1.0220751E-06,7.0603626E-08,1.65751E-10
568,0.76242585,3.639512E-07,4.5537651E-05,0.99691366,6.6130973E-05,7.9658079E-08,6.0531735E-07,7.7584815E-08,1.6551E-10
569,0.76012995,2.1489282E-07,4.7449501E-05,0.99845783,9.6644338E-05,1.5199919E-07,7.5338349E-07,3.8825497E-08,4.298085E-09
570,0.7578266,6.5148178E-08,4.9364385E-05,1,0.00012711981,2.2377574E-07,9.0267623E-07,9.3648E-11,8.45577E-09
571,0.75907506,3.2627752E-08,4.741155E-05,0.99766425,0.00019668561,1.5926049E-07,1.2440817E-06,9.391E-11,4.308821E-09
572,0.75933708,1.77475E-10,4.5295276E-05,0.99531502,0.00026647946,9.3744008E-08,1.5993603E-06,9.4064E-11,1.60596E-10
573,0.75898706,1.76324E-10,3.7647007E-05,0.99079164,0.00042250227,1.1235065E-07,2.4059631E-06,7.4687688E-08,1.59062E-10
574,0.75863298,1.74954E-10,2.9985759E-05,0.98625615,0.00057878441,1.311852E-07,3.2139054E-06,1.4928375E-07,1.57525E-10
575,0.7598178,2.0676379E-07,3.1016408E-05,0.97912071,0.0008950242,1.3255056E-07,3.1146985E-06,7.4964402E-08,1.56488E-10
576,0.76795422,4.1427554E-07,3.2052585E-05,0.97193207,0.0012130677,1.3392211E-07,3.0148833E-06,9.3348E-11,1.55444E-10
577,0.77596215,1.178343E-06,3.0554246E-05,0.92921942,0.0018863112,2.307564E-07,3.0625021E-06,9.305E-11,8.9995409E-08
578,0.78400408,1.9464421E-06,2.8888915E-05,0.88627061,0.002563098,3.2810077E-07,3.120277E-06,9.2639E-11,1.8027863E-07
579,0.78855196,1.831426E-06,2.3161531E-05,0.77509559,0.0042219591,2.6711649E-07,3.8037927E-06,9.1931E-11,7.2370692E-07
580,0.7940855,1.7143355E-06,1.7440465E-05,0.66404043,0.0058788975,2.0719545E-07,4.4864979E-06,9.1223E-11,1.2648242E-06
581,0.7958804,1.1103633E-06,1.7479886E-05,0.51029375,0.010792315,2.7156033E-07,5.571057E-06,1.2811015E-08,6.5731718E-07
582,0.79667466,5.0145109E-07,1.751934E-05,0.35584748,0.015727864,3.3621403E-07,6.6604745E-06,2.5679861E-08,4.856303E-08
583,0.79919564,2.5151894E-07,1.7415007E-05,0.24702449,0.037386593,3.9951376E-07,6.7415648E-06,1.2880561E-08,1.4237362E-07
584,0.80172059,1.88571E-10,1.7149476E-05,0.13750853,0.05918194,4.632084E-07,6.8230673E-06,8.9897E-11,2.3677624E-07
585,0.80071476,9.7827164E-08,1.4344703E-05,0.092924133,0.13465235,5.1154487E-07,6.0504752E-06,2.9597502E-08,2.936035E-07
586,0.80373808,1.9565383E-07,1.1523815E-05,0.048339161,0.21012203,5.5987839E-07,5.2778471E-06,5.9084415E-08,3.523233E-07
587,0.80846859,1.3679712E-07,1.1112342E-05,0.032973451,0.32925507,5.7894017E-07,5.1144027E-06,6.6596865E-08,2.2426969E-07
588,0.81423252,7.7764138E-08,1.0697906E-05,0.017503597,0.44918561,5.9913438E-07,4.9396681E-06,7.4270008E-08,9.5158331E-08
589,0.81727131,3.0080427E-07,1.174662E-05,0.011533107,0.5563707,7.1469736E-07,6.0204849E-06,6.9599744E-08,1.5904082E-07
590,0.81929006,5.258429E-07,1.2779107E-05,0.0055626878,0.66355011,8.292398E-07,7.0911406E-06,6.5040362E-08,2.2311163E-07
591,0.81957402,1.4773758E-06,1.1199472E-05,0.004188538,0.7491538,8.143108E-07,8.8527058E-06,3.2627493E-08,3.7817301E-07
592,0.82087292,2.4363925E-06,9.6147614E-06,0.0028100026,0.83502524,8.0034697E-07,1.0640083E-05,9.3019E-11,5.3372468E-07
593,0.82075591,3.2893898E-06,8.766507E-06,0.0021434058,0.86137158,9.1321549E-07,1.1970574E-05,9.4126E-11,5.3431152E-07
594,0.82063504,4.1442467E-06,7.9163504E-06,0.0014753339,0.88777201,1.0293855E-06,1.3405493E-05,9.5123E-11,5.348973E-07
595,0.82302956,4.4933396E-06,8.6227628E-06,0.0011294048,0.89980583,1.3185961E-06,1.3750168E-05,9.6522E-11,6.1336963E-07
596,0.82645415,4.8444135E-06,9.3331897E-06,0.00078144092,0.91189836,1.6197301E-06,1.4096679E-05,9.7815E-11,6.9229234E-07
597,0.82833758,3.4735448E-06,9.2285177E-06,0.00059958689,0.91731227,6.5985116E-06,1.5440598E-05,9.9042E-11,3.4553938E-07
598,0.83125013,2.1088569E-06,9.1072391E-06,0.00041735409,0.92273343,1.1608109E-05,1.6684869E-05,1.00271E-10,1.87634E-10
599,0.83505373,1.5450059E-06,8.5962367E-06,0.00032045256,0.92767476,1.2059088E-05,2.0335082E-05,1.0343081E-07,2.8888458E-07
600,0.83886881,9.7736627E-07,8.0652214E-06,0.00022289901,0.93263362,1.2616287E-05,2.4009316E-05,2.0755015E-07,5.7774697E-07
601,0.84211945,1.345813E-06,8.1653727E-06,0.00017146579,0.93547384,1.8617371E-05,2.8651198E-05,1.0379279E-07,5.3504221E-07
602,0.84640293,1.7143769E-06,8.2655165E-06,0.0001200144,0.9383103,2.462038E-05,3.3294497E-05,1.04491E-10,4.9426631E-07
603,0.8514228,1.5974575E-06,8.8121902E-06,9.4446539E-05,0.9420513,2.9030341E-05,3.5538959E-05,1.05181E-10,4.6612406E-07
604,0.85645832,1.4777145E-06,9.3447143E-06,6.8637063E-05,0.94580146,3.3459925E-05,3.7689695E-05,1.05873E-10,4.3785127E-07
605,0.86080208,1.2587204E-06,8.9661967E-06,5.3940472E-05,0.94702586,4.0950264E-05,3.7490497E-05,7.808207E-09,5.141925E-07
606,0.85889692,1.0396289E-06,8.587478E-06,3.9237501E-05,0.94824616,4.8443521E-05,3.7291035E-05,1.5505613E-08,5.886075E-07
607,0.85867281,1.2464557E-06,7.9166159E-06,3.0211438E-05,0.95104209,6.3057364E-05,3.8985506E-05,1.1035446E-07,5.9504016E-07
608,0.85740167,1.4536709E-06,7.2444451E-06,2.1168079E-05,0.95383943,7.7698748E-05,4.0683041E-05,2.0561176E-07,5.9952339E-07
609,0.85845757,1.8588338E-06,7.6776593E-06,1.4020332E-05,0.96011503,0.00010023274,4.7233091E-05,1.0294335E-07,8.8381301E-07
610,0.85846244,2.268267E-06,8.1295854E-06,6.850059E-06,0.96641243,0.0001229119,5.3814825E-05,1.0595E-10,1.1694887E-06
611,0.8613348,2.5128381E-06,8.7311412E-06,5.3419509E-06,0.97273378,0.00017153816,6.458943E-05,7.5231345E-08,8.7996459E-07
612,0.86421298,2.7722905E-06,9.3351867E-06,3.8273993E-06,0.97907476,0.00022036963,7.5409309E-05,1.5101214E-07,5.8722735E-07
613,0.8661811,3.4037899E-06,8.903715E-06,3.2243763E-06,0.98386303,0.00031696194,8.3454068E-05,7.5793563E-08,4.8155292E-07
614,0.86920848,4.0381388E-06,8.4702037E-06,2.6058053E-06,0.98866499,0.00041399179,9.164001E-05,5.58164E-10,3.7539297E-07
615,0.87028531,6.0805515E-06,7.3779808E-06,1.7116945E-06,0.98972282,0.00062809192,8.8380395E-05,3.312E-10,2.8602007E-07
616,0.8724151,8.0998041E-06,6.2856763E-06,8.0732046E-07,0.99077551,0.00084219826,8.512019E-05,1.03878E-10,1.9703941E-07
617,0.87609068,1.0416011E-05,6.8693381E-06,4.5300862E-07,0.99206284,0.0013795786,7.8947831E-05,7.6104498E-08,2.129117E-07
618,0.87977425,1.2740425E-05,7.4550433E-06,9.8326761E-08,0.99334898,0.0019188701,7.285857E-05,1.5224777E-07,2.272447E-07
619,0.88505054,1.1416513E-05,7.7094034E-06,9.5989781E-07,0.99667099,0.003389641,8.1604472E-05,7.642079E-08,3.7963876E-07
620,0.88927779,1.0086222E-05,7.9818486E-06,1.829024E-06,1,0.0048673569,9.0391133E-05,1.03109E-10,5.34755E-07
621,0.89248049,8.0034869E-06,7.2192828E-06,1.5070192E-06,0.9986561,0.0099348903,0.00012219937,1.02992E-10,5.4276866E-07
622,0.89461228,5.944105E-06,6.4566769E-06,1.1940219E-06,0.99730701,0.015002391,0.00015402405,1.02992E-10,5.5278236E-07
623,0.89833696,5.1748684E-06,5.6804555E-06,2.1651905E-06,0.941429,0.030519236,0.00019469852,7.419316E-09,5.511021E-07
624,0.90206242,4.4281421E-06,4.903305E-06,3.1207207E-06,0.88548199,0.046054086,0.00023541973,1.473036E-08,5.4941769E-07
625,0.90925311,3.8593366E-06,5.5383894E-06,6.1912236E-06,0.75943347,0.095565862,0.0001847658,7.456338E-09,6.3239844E-07
626,0.91432628,3.2853994E-06,6.1617943E-06,9.2756146E-06,0.63225063,0.14551148,0.00013365853,1.04965E-10,7.1811511E-07
627,0.91314037,3.2103222E-06,6.1538022E-06,8.821842E-06,0.50174001,0.24482656,7.8977076E-05,7.974096E-08,9.9395598E-07
628,0.91302015,3.1353999E-06,6.1286817E-06,8.3691394E-06,0.3715628,0.34388001,2.4474383E-05,1.588028E-07,1.2690662E-06
629,0.9154513,2.9039602E-06,5.1632578E-06,1.1812157E-05,0.25311892,0.4697898,1.6697256E-05,7.9754884E-08,1.1820443E-06
630,0.91788531,2.6718196E-06,4.1949433E-06,1.5226298E-05,0.13432221,0.59607117,8.7897701E-06,1.07481E-10,1.0947584E-06
631,0.91601139,2.987139E-06,3.7597617E-06,1.4353485E-05,0.086068956,0.70046342,6.8356052E-06,1.08477E-10,7.2231597E-07
632,0.91520068,3.3278789E-06,3.3050043E-06,1.3606694E-05,0.037557345,0.80540506,4.8601649E-06,1.09596E-10,3.4991315E-07
633,0.91324084,2.9075622E-06,3.676039E-06,1.8495586E-05,0.024147689,0.83917349,4.0949007E-06,1.10714E-10,2.9983261E-07
634,0.91235009,2.4850246E-06,4.0489698E-06,2.340977E-05,0.010667886,0.87310928,3.3256054E-06,1.11717E-10,2.4744294E-07
635,0.91076189,2.4896115E-06,4.1431195E-06,2.5692871E-05,0.007385241,0.87277617,2.6914412E-06,1.1276E-10,3.6263009E-07
636,0.91353336,2.4942004E-06,4.2549592E-06,2.7984248E-05,0.0040904314,0.87243662,2.0440467E-06,1.13685E-10,4.7824039E-07
637,0.91583172,2.5424791E-06,3.9775746E-06,3.1024099E-05,0.0028547416,0.8810359,1.6528372E-06,9.3592566E-08,5.2551344E-07
638,0.91812645,2.5907579E-06,3.7001046E-06,3.4064543E-05,0.0016187386,0.88963323,1.2615255E-06,1.8672856E-07,5.7279552E-07
639,0.92205217,2.643723E-06,3.2371851E-06,3.1615566E-05,0.0011555485,0.90874729,1.1658482E-06,9.3780619E-08,3.2910584E-07
640,0.92488995,2.6968722E-06,2.7724951E-06,2.9157133E-05,0.00069059962,0.92792806,1.0708936E-06,1.16185E-10,8.3256097E-08
641,0.92998073,2.7230075E-06,3.1584957E-06,2.8516003E-05,0.0005071172,0.94055085,8.7178274E-07,4.7615534E-08,3.4441274E-07
642,0.93397699,2.7491723E-06,3.5625306E-06,2.8006534E-05,0.0003233561,0.95318924,6.7236826E-07,9.5062073E-08,6.0678772E-07
643,0.93968215,2.5839657E-06,3.9522347E-06,2.6051866E-05,0.00024688813,0.95820103,6.3827304E-07,4.771789E-08,6.4277014E-07
644,0.94539911,2.4182866E-06,4.3254972E-06,2.4091627E-05,0.00017020562,0.9632226,6.0407983E-07,1.17168E-10,6.8091985E-07
645,0.95079139,2.4963138E-06,3.8435929E-06,2.4144617E-05,0.00015759399,0.96504245,1.3844187E-06,9.9044172E-08,6.9071441E-07
646,0.94845313,2.550376E-06,3.3595383E-06,2.4197655E-05,0.00014492565,0.96686292,2.1692825E-06,1.9876588E-07,7.0262557E-07
647,0.94548762,2.2332089E-06,3.2766567E-06,1.7406434E-05,0.00011260035,0.96701928,2.5917285E-06,3.1560444E-07,7.9115688E-07
648,0.9425084,1.9150492E-06,3.1935028E-06,1.0755028E-05,8.0049133E-05,0.96717149,3.0044244E-06,4.3280321E-07,8.820437E-07
649,0.93971744,2.0673016E-06,3.6763351E-06,5.4944413E-06,6.2275135E-05,0.96638395,4.0166319E-06,4.6888274E-07,1.0569715E-06
650,0.93691148,2.2176332E-06,4.1608457E-06,2.1397318E-07,4.4316187E-05,0.96558832,5.032378E-06,5.0508659E-07,1.2346014E-06
651,0.93471336,2.0465474E-06,4.6744616E-06,1.5207386E-07,3.4916903E-05,0.96192541,5.5978686E-06,4.6362092E-07,1.4229761E-06
652,0.93251078,1.8729968E-06,5.2057932E-06,9.0304746E-08,2.5516899E-05,0.95825782,6.163367E-06,4.2093054E-07,1.613448E-06
653,0.93211097,1.7713293E-06,5.6595644E-06,1.1381074E-07,2.0673835E-05,0.95729371,6.6752948E-06,5.0610942E-07,2.2645249E-06
654,0.93058514,1.6667959E-06,6.1150838E-06,1.3781377E-07,1.5934166E-05,0.95631968,7.2003218E-06,5.9162001E-07,2.8992393E-06
655,0.92941728,1.7399861E-06,5.6594073E-06,1.9749002E-07,1.2884725E-05,0.95549963,8.0999418E-06,5.9720653E-07,2.3557157E-06
656,0.93384854,1.8133381E-06,5.184843E-06,2.5865713E-07,9.8404998E-06,0.95467406,9.0127566E-06,6.0280365E-07,1.7835572E-06
657,0.93717395,1.8034237E-06,5.505333E-06,2.0312568E-07,8.2430826E-06,0.95344664,1.0038557E-05,5.6349433E-07,1.2528616E-06
658,0.93937364,1.7935015E-06,5.8257693E-06,1.4759801E-07,6.6580467E-06,0.95221478,1.1064221E-05,5.2418569E-07,7.2009974E-07
659,0.94529183,1.7884952E-06,7.9137954E-06,2.0230929E-07,5.8261847E-06,0.95400854,1.1295517E-05,6.0192406E-07,6.3337856E-07
660,0.95123168,1.7809684E-06,1.0013061E-05,2.5731512E-07,4.977395E-06,0.95580147,1.1550371E-05,6.8131174E-07,5.4617996E-07
661,0.95472744,1.9315076E-06,1.2908405E-05,3.5254643E-07,4.2643083E-06,0.95984897,1.1367715E-05,6.330249E-07,1.160117E-06
662,0.95936476,2.080623E-06,1.584283E-05,4.484711E-07,3.5458888E-06,0.96390664,1.1138297E-05,5.8436992E-07,1.7785468E-06
663,0.96065922,2.0809352E-06,1.6605018E-05,5.0675572E-07,3.0523331E-06,0.96659968,1.1764157E-05,7.9681143E-07,1.2940691E-06
664,0.96195321,2.0812397E-06,1.7369193E-05,5.6519552E-07,2.5574332E-06,0.96929601,1.234635E-05,1.0098229E-06,8.1041719E-07
665,0.96278099,2.4102624E-06,1.7544462E-05,6.7774093E-07,2.157528E-06,0.97035788,1.1776204E-05,1.0082509E-06,4.9806413E-07
666,0.95905208,2.7465478E-06,1.7719517E-05,7.8883498E-07,1.7703379E-06,0.97141352,1.1138445E-05,1.0054283E-06,1.863388E-07
667,0.95764139,2.8774072E-06,2.0293307E-05,7.7396191E-07,1.5366747E-06,0.97479731,1.0708052E-05,8.8143697E-07,9.3578754E-08
668,0.95736053,3.0338684E-06,2.2696176E-05,7.5764105E-07,1.3145406E-06,0.97818847,1.0264412E-05,7.556686E-07,2.14587E-10
669,0.95561842,3.7174027E-06,2.9284317E-05,8.7372501E-07,1.0710484E-06,0.98285167,1.0760803E-05,9.1742814E-07,1.4101784E-07
670,0.95386496,4.3781706E-06,3.589558E-05,9.9021446E-07,8.3045906E-07,0.98752601,1.125889E-05,1.0797543E-06,2.8210258E-07
671,0.95395229,6.0394088E-06,4.1547927E-05,8.87812E-07,8.9461571E-07,0.99148121,9.685585E-06,9.2792036E-07,2.4766998E-07
672,0.95403563,7.6757526E-06,4.720111E-05,7.8400232E-07,9.5878008E-07,0.99543297,8.1233674E-06,7.7605532E-07,2.1409171E-07
673,0.95546821,1.0849966E-05,4.4116169E-05,7.1911484E-07,9.4398344E-07,0.99771766,8.7534941E-06,8.7929017E-07,1.4478138E-07
674,0.95575074,1.4026028E-05,4.1029228E-05,6.5557206E-07,9.2791715E-07,1,9.3953793E-06,9.838397E-07,7.5429266E-08
675,0.95737584,1.7152453E-05,3.434049E-05,6.205898E-07,8.1866084E-07,0.99908486,8.2106349E-06,9.3516709E-07,2.8280101E-07
676,0.96130407,2.0264157E-05,2.7445854E-05,5.8548538E-07,7.1029033E-07,0.99816147,7.0218188E-06,8.8506335E-07,4.9087663E-07
677,0.96586676,1.7652426E-05,2.5126009E-05,8.489238E-07,7.0563345E-07,0.99413412,8.2438683E-06,9.3768854E-07,5.2887591E-07
678,0.97044273,1.5028288E-05,2.2611233E-05,1.1149888E-06,7.0221631E-07,0.99007949,9.4600755E-06,9.9055282E-07,5.6704908E-07
679,0.97408565,1.1388303E-05,2.3378468E-05,1.1067188E-06,8.0852561E-07,0.98689308,9.5882492E-06,9.9824886E-07,6.6790043E-07
680,0.9777346,7.763778E-06,2.433204E-05,1.0970207E-06,9.1512222E-07,0.98369397,9.7051944E-06,1.0059619E-06,7.6902474E-07
681,0.97115369,6.0351867E-06,2.5447948E-05,8.4936582E-07,7.4255487E-07,0.98521171,1.0851885E-05,9.7077549E-07,4.9254185E-07
682,0.9645643,4.3307084E-06,2.6564634E-05,6.0011375E-07,5.6985107E-07,0.98672721,1.2010977E-05,9.3555842E-07,2.1649686E-07
683,0.95810068,4.0830414E-06,2.4393215E-05,6.5031621E-07,5.1350205E-07,0.96989488,1.8626217E-05,8.0093546E-07,1.0854567E-07
684,0.95277435,3.8600556E-06,2.2399241E-05,7.0068972E-07,4.5695452E-07,0.95299897,2.5264347E-05,6.6456492E-07,2.15937E-10
685,0.94921689,4.3615234E-06,1.9507872E-05,9.2775745E-07,8.3139484E-07,0.88527954,3.2799964E-05,8.9740892E-07,2.3274882E-07
686,0.95148075,4.8665458E-06,1.6539179E-05,1.1564556E-06,1.207252E-06,0.81705068,4.0272917E-05,1.1332107E-06,4.6718319E-07
687,0.94846518,4.4202281E-06,1.4441399E-05,1.131582E-06,9.7522127E-07,0.69392461,6.5942839E-05,1.174613E-06,4.9267053E-07
688,0.94544477,3.9755682E-06,1.2351522E-05,1.1067852E-06,7.4407545E-07,0.57126504,9.1511824E-05,1.2171136E-06,5.1585507E-07
689,0.9493902,3.7907975E-06,1.2474439E-05,1.142586E-06,6.8372444E-07,0.43230756,0.00014914207,1.2533007E-06,6.7314003E-07
690,0.95333382,3.6038452E-06,1.2579328E-05,1.1787214E-06,6.2398148E-07,0.29182302,0.00020734203,1.2898213E-06,8.3209886E-07
691,0.9494788,3.8216711E-06,1.3407323E-05,1.1654274E-06,8.0970082E-07,0.19587514,0.00036505274,1.1364315E-06,4.7735083E-07
692,0.94560862,4.0375452E-06,1.4246576E-05,1.1521843E-06,9.9387564E-07,0.10069519,0.00052146879,9.8422907E-07,1.2765507E-07
693,0.94770437,4.3869898E-06,1.3940805E-05,1.1433873E-06,7.2414803E-07,0.065814274,0.00099671002,9.8892191E-07,3.2686751E-07
694,0.95097736,4.738775E-06,1.3651416E-05,1.135934E-06,4.5253938E-07,0.030690613,0.0014752244,9.9233725E-07,5.2745364E-07
695,0.95219293,6.6116515E-06,1.1979033E-05,8.9335463E-07,5.1784895E-07,0.020441228,0.0031275264,9.2503654E-07,4.0830052E-07
696,0.95577382,8.4892903E-06,1.0321131E-05,6.5015188E-07,5.8332351E-07,0.010165567,0.0047840388,8.5756036E-07,2.8884132E-07
697,0.95983716,1.5180898E-05,9.2019536E-06,7.7393136E-07,6.2928531E-07,0.0071515948,0.014133814,1.6501206E-06,3.2536744E-07
698,0.96510195,2.1886495E-05,8.0759086E-06,8.9844606E-07,6.7681955E-07,0.0041193675,0.023539726,2.4500397E-06,3.6210919E-07
699,0.96735076,2.4103216E-05,7.8289759E-06,9.745021E-07,8.1885362E-07,0.0030164021,0.061580298,2.0848574E-06,2.4360833E-07
700,0.96959458,2.6371438E-05,7.5820759E-06,1.0505328E-06,9.6084483E-07,0.0019137283,0.099610101,1.7197663E-06,1.271502E-07
701,0.97484669,1.9958396E-05,8.0210174E-06,1.0755081E-06,7.2784653E-07,0.0014326502,0.19447923,2.2550774E-06,2.1396195E-07
702,0.98010104,1.3564951E-05,8.4793041E-06,1.0990666E-06,4.9330556E-07,0.00095108287,0.28944356,2.8039639E-06,3.0197916E-07
703,0.98783525,1.1154334E-05,9.1961724E-06,1.0664624E-06,6.0663207E-07,0.00073540847,0.40422603,4.2331351E-06,1.7098221E-07
704,0.99439684,8.7087206E-06,9.9345747E-06,1.0322909E-06,7.1905474E-07,0.00051895128,0.51942079,5.6674441E-06,4.040928E-08
705,1,8.0858243E-06,1.009484E-05,1.0418103E-06,8.6514889E-07,0.00040358913,0.62290784,4.807538E-06,8.7400823E-08
706,0.9984264,7.4618791E-06,1.0236311E-05,1.0513421E-06,1.0101687E-06,0.00028803604,0.72656317,3.9593135E-06,1.3446937E-07
707,0.99608901,7.5674083E-06,9.4187051E-06,9.6896764E-07,9.0133193E-07,0.00023183448,0.81137554,5.5590888E-06,3.0583411E-07
708,0.99255023,7.6729201E-06,8.6009729E-06,8.8658033E-07,7.9379167E-07,0.00017562701,0.89619415,7.1590195E-06,4.7676682E-07
709,0.99328163,8.1189052E-06,7.826398E-06,9.807837E-07,7.6076046E-07,0.00013880274,0.92441104,6.1951345E-06,4.8278399E-07
710,0.99400277,8.5411437E-06,7.0468114E-06,1.0770231E-06,7.2882947E-07,0.000101781,0.95279238,5.2250659E-06,4.8883196E-07
711,0.98861855,9.0229623E-06,7.3771195E-06,1.0136401E-06,9.8693535E-07,8.3548193E-05,0.96406863,4.8455592E-06,5.7746715E-07
712,0.98322443,9.5053774E-06,7.6886591E-06,9.5162948E-07,1.2453722E-06,6.5291557E-05,0.97535659,4.4655473E-06,6.6394923E-07
713,0.97872436,9.7589492E-06,8.5072714E-06,9.239293E-07,1.0407613E-06,4.8502499E-05,0.98148811,4.1285059E-06,7.1719071E-07
714,0.97541601,1.0039833E-05,9.3284128E-06,8.9467625E-07,8.355041E-07,3.1539734E-05,0.98763449,3.7903892E-06,7.7059597E-07
715,0.96956268,1.2193712E-05,1.0888573E-05,9.8843865E-07,9.1393602E-07,2.719497E-05,0.98763359,3.9237201E-06,7.1391288E-07
716,0.96854639,1.437499E-05,1.2449328E-05,1.0807731E-06,9.9239652E-07,2.2969245E-05,0.9876293,4.0570915E-06,6.5720442E-07
717,0.96794845,2.4305244E-05,1.3051162E-05,1.1179787E-06,8.9457674E-07,1.8410077E-05,0.98856103,4.3038516E-06,8.1565136E-07
718,0.96855796,3.4139497E-05,1.3655194E-05,1.1553184E-06,7.9505069E-07,1.3954935E-05,0.98949059,4.5382102E-06,9.7469191E-07
719,0.96847921,6.595596E-05,1.3013781E-05,1.1258114E-06,9.9198103E-07,1.409282E-05,0.99169496,4.7567288E-06,9.369864E-07
720,0.96839702,9.7579601E-05,1.2390176E-05,1.09476E-06,1.1880358E-06,1.4230982E-05,0.99390117,4.9757446E-06,8.9690114E-07
721,0.97101465,0.0001041459,1.2039695E-05,1.103708E-06,1.1429626E-06,1.6200449E-05,0.99694819,5.5573658E-06,6.6448152E-07
722,0.97363595,0.00011073074,1.170757E-05,1.1141531E-06,1.0977548E-06,1.8053553E-05,1,6.1406438E-06,4.3138826E-07
723,0.97371124,7.6418161E-05,1.2193902E-05,1.0050291E-06,1.1272939E-06,1.5615091E-05,0.99971514,5.7932557E-06,6.7466998E-07
724,0.97500481,4.1831971E-05,1.2680262E-05,8.9588488E-07,1.1581723E-06,1.3176204E-05,0.9994266,5.4591744E-06,9.1569103E-07
725,0.97885497,3.3340577E-05,1.4856185E-05,1.0492463E-06,1.5036363E-06,1.3334009E-05,0.99927984,6.6008461E-06,1.040117E-06
726,0.97657327,2.4856987E-05,1.704367E-05,1.2034227E-06,1.8442147E-06,1.349252E-05,0.99912142,7.7620503E-06,1.1652022E-06
727,0.97008617,2.4143828E-05,2.0660978E-05,1.2651772E-06,1.4783583E-06,1.4082973E-05,0.99264959,1.0019259E-05,9.974564E-07
728,0.96360701,2.3432659E-05,2.4130042E-05,1.326714E-06,1.1163535E-06,1.479358E-05,0.98618534,1.2255594E-05,8.27942E-07
729,0.96430431,2.6643732E-05,2.7563118E-05,1.1321727E-06,1.1537853E-06,1.400121E-05,0.98651386,1.4277983E-05,7.7395382E-07
730,0.96374094,2.982897E-05,3.1026585E-05,9.343287E-07,1.1915207E-06,1.3201162E-05,0.98681319,1.6237153E-05,7.1944831E-07
731,0.95864979,3.4975814E-05,3.2199809E-05,1.077445E-06,1.0722021E-06,1.3199112E-05,0.98384094,2.1105021E-05,6.8452998E-07
732,0.9535562,4.0120891E-05,3.3176218E-05,1.2190196E-06,9.5427008E-07,1.3197007E-05,0.98086547,2.6106535E-05,6.4961975E-07
733,0.95094798,4.8372152E-05,3.2077043E-05,1.0425286E-06,1.1492967E-06,1.1782871E-05,0.9810581,3.0781114E-05,7.9076357E-07
734,0.94831829,5.6663574E-05,3.1169443E-05,8.651596E-07,1.3452725E-06,1.0374064E-05,0.98124276,3.5478415E-05,9.3026324E-07
735,0.94665388,6.6888662E-05,3.1039691E-05,8.3098148E-07,1.2827717E-06,1.057058E-05,0.97711587,4.400196E-05,8.8088681E-07
736,0.94871534,7.7157871E-05,3.1107284E-05,7.9664822E-07,1.219989E-06,1.0755428E-05,0.97296386,5.2698895E-05,8.3128858E-07
737,0.94685454,0.00012752501,3.302374E-05,8.0410367E-07,1.2803167E-06,7.6407574E-06,0.95376216,6.4586223E-05,1.039994E-06
738,0.94498519,0.00017769197,3.4932108E-05,8.1151633E-07,1.3417465E-06,4.5258056E-06,0.93461998,7.6425731E-05,1.2478613E-06
739,0.94895803,0.00029964617,4.0033624E-05,9.1886527E-07,1.1888712E-06,3.7977369E-06,0.89070633,9.1222454E-05,9.0411121E-07
740,0.95293816,0.00042265146,4.5375988E-05,1.0270923E-06,1.0360488E-06,3.0509323E-06,0.84639856,0.00010614119,5.5744318E-07
741,0.95392028,0.00036796656,5.2127823E-05,1.143243E-06,9.4658453E-07,3.55008E-06,0.7569426,0.00012763498,7.5715567E-07
742,0.95364598,0.00031331118,5.8875567E-05,1.260834E-06,8.557955E-07,4.0489266E-06,0.6675342,0.00014916116,9.5675076E-07
743,0.95587124,0.00019933921,6.3315955E-05,1.0653865E-06,1.0186664E-06,2.8021125E-06,0.56413995,0.00018146076,9.2948878E-07
744,0.95809822,8.504622E-05,6.7765208E-05,8.7105218E-07,1.1832405E-06,1.5402261E-06,0.46053325,0.00021382705,8.9981294E-07
745,0.96258254,6.525841E-05,6.5278987E-05,8.4773374E-07,1.1294087E-06,1.547435E-06,0.35976294,0.00025622932,1.0483844E-06
746,0.96580964,4.5282924E-05,6.2767203E-05,8.2416737E-07,1.0750333E-06,1.5546578E-06,0.25803592,0.00029902137,1.1983115E-06
747,0.96336554,4.2786527E-05,5.5731072E-05,9.4046192E-07,1.0765182E-06,1.4283926E-06,0.1785592,0.00037450696,1.0652626E-06
748,0.96091776,4.0011681E-05,4.8894713E-05,1.0552447E-06,1.0779998E-06,1.3021001E-06,0.099067697,0.00045000613,9.3218628E-07
749,0.95877954,4.8923262E-05,4.5090191E-05,1.0847478E-06,1.0451318E-06,1.2646943E-06,0.06482009,0.00058146789,1.0824466E-06
750,0.95663688,5.7842008E-05,4.1483804E-05,1.1127414E-06,1.0108454E-06,1.23105E-06,0.03054424,0.00071303574,1.232827E-06
751,0.95525001,0.00010231637,4.1185141E-05,1.3058353E-06,8.9229906E-07,8.5491275E-07,0.019519889,0.00094729174,1.0045082E-06
752,0.95384691,0.00014701528,4.0682169E-05,1.4983576E-06,7.7314299E-07,4.7685991E-07,0.0084394477,0.0011827279,7.7502206E-07
753,0.94691569,0.00038218575,4.3229478E-05,1.1668856E-06,8.6496759E-07,3.9597915E-07,0.0057440366,0.0016160955,9.6928897E-07
754,0.94126456,0.00061646501,4.5766199E-05,8.3821375E-07,9.5503159E-07,3.1667261E-07,0.0030589948,0.0020477548,1.1627861E-06
755,0.94096242,0.00071119495,5.0996405E-05,1.0551437E-06,8.6092675E-07,5.8104093E-07,0.0021584838,0.0028857055,8.0359887E-07
756,0.9406378,0.00080661827,5.6061521E-05,1.2736738E-06,7.6749998E-07,8.4737448E-07,0.0012511886,0.0037298643,4.4170736E-07
757,0.93727327,0.00056321179,6.1253771E-05,1.064151E-06,8.0401282E-07,1.0714252E-06,0.00090415387,0.0052102885,5.0506427E-07
758,0.9351738,0.00031889244,6.6261207E-05,8.5383913E-07,8.4065768E-07,1.2937455E-06,0.00055581837,0.0066962171,5.6624563E-07
759,0.93052473,0.00020394317,6.5389424E-05,9.707748E-07,8.034161E-07,2.1501228E-06,0.00041272453,0.0096941262,7.0539295E-07
760,0.92459635,8.9376215E-05,6.4518672E-05,1.0859548E-06,7.6623294E-07,3.0050073E-06,0.00026987454,0.012686794,8.4670054E-07
761,0.92468218,6.2205582E-05,5.8703081E-05,1.075168E-06,7.9688102E-07,3.4704773E-06,0.00020196757,0.017706636,7.3473252E-07
762,0.92476462,3.5236161E-05,5.2665911E-05,1.0627936E-06,8.2620917E-07,3.9373115E-06,0.00013385878,0.022741266,6.2243014E-07
763,0.92199382,2.5759037E-05,4.5715425E-05,1.2424981E-06,9.1186757E-07,6.0136631E-06,0.00010374673,0.032646337,7.597773E-07
764,0.92050428,1.6314174E-05,3.8767825E-05,1.422118E-06,9.9607745E-07,8.089072E-06,7.3577322E-05,0.042546896,8.9947207E-07
765,0.92168433,1.3137175E-05,3.5393741E-05,1.4103799E-06,7.8291635E-07,9.5118193E-06,5.5330904E-05,0.05885988,8.559426E-07
766,0.92673294,9.942993E-06,3.179604E-05,1.4001229E-06,5.6860334E-07,1.0954985E-05,3.6857586E-05,0.075259739,8.1459479E-07
767,0.93171815,8.7353411E-06,3.0601784E-05,1.2862819E-06,6.9390268E-07,8.5422045E-06,2.8286995E-05,0.10713924,6.9177736E-07
768,0.93541855,7.5247732E-06,2.9404574E-05,1.1721646E-06,8.1949954E-07,6.1107076E-06,1.9695815E-05,0.13909466,5.7109418E-07
769,0.93748231,6.7259445E-06,3.0826734E-05,1.4354902E-06,7.0993077E-07,6.4171789E-06,1.4667117E-05,0.19968391,5.1005448E-07
770,0.94083098,5.9563387E-06,3.2041734E-05,1.7016349E-06,6.0048102E-07,6.7103668E-06,9.5668288E-06,0.26020412,4.5150792E-07
771,0.9489936,6.0486178E-06,3.5330332E-05,2.4340628E-06,5.4419805E-07,8.0351458E-06,8.3040564E-06,0.35649108,7.6428785E-07
772,0.95850576,6.1129412E-06,3.8655819E-05,3.1592238E-06,4.8721749E-07,9.3751426E-06,7.0388685E-06,0.45389723,1.0782699E-06
773,0.95744906,5.7751008E-06,4.1406595E-05,3.7765847E-06,4.6394329E-07,8.4938425E-06,6.8305203E-06,0.5596515,1.1475546E-06
774,0.95635962,5.4111205E-06,4.3928313E-05,4.3890591E-06,4.4082745E-07,7.618926E-06,6.6234756E-06,0.66457244,1.2138228E-06
775,0.96383215,6.9557362E-06,4.4359018E-05,3.9544887E-06,5.3740044E-07,6.8502339E-06,5.2945856E-06,0.75996716,1.0313623E-06
776,0.96478624,8.5445579E-06,4.4583919E-05,3.5311633E-06,6.3493425E-07,6.0865182E-06,3.9519437E-06,0.85630141,8.445388E-07
777,0.96036045,1.0337071E-05,4.1077177E-05,2.9953298E-06,6.1678482E-07,5.2663768E-06,3.5114808E-06,0.91245577,5.9636308E-07
778,0.95592465,1.2161429E-05,3.7564358E-05,2.458576E-06,5.9860289E-07,4.444825E-06,3.0833237E-06,0.9687034,3.5022958E-07
779,0.94794794,1.5747309E-05,3.3711037E-05,1.9137753E-06,6.2701879E-07,4.9550474E-06,3.6998072E-06,0.98230681,4.795708E-07
780,0.9412968,1.9340823E-05,2.9878927E-05,1.3673197E-06,6.5525447E-07,5.4622054E-06,4.3126502E-06,0.99580539,6.0815628E-07
781,0.93586871,2.4164391E-05,2.7498046E-05,1.2001778E-06,3.8638672E-07,3.8217498E-06,3.9124861E-06,0.99790665,6.8689936E-07
782,0.92905829,2.9170206E-05,2.5097513E-05,1.0316743E-06,1.143575E-07,2.181268E-06,3.52213E-06,1,7.6872472E-07
783,0.91946086,3.6952677E-05,2.4459812E-05,9.4861514E-07,2.9262088E-07,2.2066225E-06,4.554599E-06,0.99524338,9.5617907E-07
784,0.9098672,4.4728412E-05,2.3822534E-05,8.6562157E-07,4.7116483E-07,2.2319452E-06,5.5861762E-06,0.99048609,1.1434709E-06
785,0.90300031,5.5259959E-05,2.4512882E-05,7.5480596E-07,3.9437845E-07,1.5005997E-06,5.0760177E-06,0.98890733,9.2854037E-07
786,0.90005364,6.5555567E-05,2.5206567E-05,6.4500383E-07,3.1718935E-07,7.6544142E-07,4.5631589E-06,0.98731039,7.1248442E-07
787,0.89727885,9.2500854E-05,2.8015707E-05,6.5161762E-07,4.9672734E-07,5.8230983E-07,6.6331769E-06,0.98450631,7.5680596E-07
788,0.89447784,0.00011988814,3.0840298E-05,6.5986637E-07,6.7872467E-07,3.9946957E-07,8.7147468E-06,0.98167482,8.0136755E-07
789,0.89082442,0.00018294485,3.5553836E-05,4.7290399E-07,4.9467378E-07,1.3096792E-06,8.5323115E-06,0.97731503,1.0129621E-06
790,0.88715246,0.00024623652,4.0496843E-05,2.8523941E-07,3.0993147E-07,2.2246197E-06,8.3491468E-06,0.97293358,1.225343E-06
791,0.89663201,0.00026189249,4.5235824E-05,4.5519814E-07,3.5583707E-07,1.401018E-06,9.0941614E-06,0.96767522,8.0318187E-07
792,0.90747728,0.0002775989,4.9777503E-05,6.27332E-07,4.0189243E-07,5.8672322E-07,9.8549091E-06,0.96239522,3.7711128E-07
793,0.91356783,0.00021398701,5.1582472E-05,7.4539474E-07,4.2738645E-07,7.3485048E-07,9.0100921E-06,0.9542296,0.00022779424
794,0.92094925,0.00015034903,5.3167049E-05,8.6294296E-07,4.5422521E-07,8.8233573E-07,8.1819656E-06,0.9460819,0.00045419895
795,0.92940165,0.00011618258,5.1497734E-05,7.7155311E-07,5.6111914E-07,6.0981602E-07,6.4479516E-06,0.94113891,0.00045341743
796,0.85514697,8.1982399E-05,4.982666E-05,6.800719E-07,6.6957836E-07,3.3836009E-07,4.7122239E-06,0.9361888,0.00045263404
797,0.78119719,7.3395206E-05,4.6346346E-05,9.7760373E-07,6.5232051E-07,7.1460211E-07,4.9112159E-06,0.93334272,0.00048731503
798,0.70684138,6.4761052E-05,4.3059988E-05,1.2751044E-06,6.3496282E-07,1.0928592E-06,5.1245698E-06,0.93047123,0.0005221772
799,0.63035004,9.3014546E-05,5.1157151E-05,1.1194936E-06,1.2022379E-05,7.4593642E-06,2.5888119E-06,0.92492766,0.00065087593
800,0.55386653,0.0001215584,5.9466236E-05,9.6227934E-07,2.3367131E-05,1.3792881E-05,6.7117827E-08,0.91938175,0.00077955583
801,0.46069231,0.00011909076,5.6781866E-05,1.9631879E-06,1.8692774E-05,1.4216261E-05,1.5635708E-07,0.9155394,0.00092586319
802,0.36723203,0.00011691035,5.4302872E-05,2.9736417E-06,1.3989343E-05,1.4775197E-05,2.4626946E-07,0.91168169,0.0010726107
803,0.27326038,0.00013264987,5.4340737E-05,2.2114605E-06,1.7849218E-05,1.3306949E-05,3.6162565E-07,0.90647762,0.0010195812
804,0.17915717,0.00014870665,5.4592616E-05,1.4335674E-06,2.1699667E-05,1.1876978E-05,4.7714171E-07,0.90126418,0.00096647543
805,0.085816415,0.00016050642,6.0903574E-05,9.306985E-07,1.8926766E-05,1.3405994E-05,3.1684007E-07,0.8976002,0.00097630443
806,0.072174613,0.00017264184,6.7020704E-05,4.2449855E-07,1.6292551E-05,1.4980589E-05,1.5734173E-07,0.89391976,0.00098616461
807,0.058364589,0.00018814752,7.3908061E-05,2.4912231E-07,1.9645649E-05,1.5882038E-05,2.2933613E-07,0.88604649,0.0010710735
808,0.044493887,0.00020356415,8.0756099E-05,7.5019467E-08,2.2980006E-05,1.6778188E-05,3.0093292E-07,0.87819422,0.0011554912
809,0.030865224,0.00018369841,8.2686085E-05,3.7610194E-08,1.7133462E-05,1.3727669E-05,2.5480174E-07,0.8747067,0.0011122159
810,0.017298321,0.00016372422,8.4840312E-05,1.00889E-10,1.1255396E-05,1.0606674E-05,2.0976519E-07,0.87119107,0.0010686967
811,0.015202384,0.0001426951,8.7369507E-05,1.00675E-10,1.1914598E-05,1.1547712E-05,2.6740758E-07,0.8693269,0.0010680505
812,0.013101223,0.00012177628,8.9918225E-05,1.00456E-10,1.2579221E-05,1.2510269E-05,3.2554762E-07,0.86741979,0.001067366
813,0.010919233,0.00011191485,9.5523461E-05,9.9707E-11,1.5348538E-05,1.2328923E-05,2.7465498E-07,0.85868842,0.0011143971
814,0.0087481765,0.00010210143,0.00010088227,9.8795E-11,1.813305E-05,1.2134685E-05,2.2266738E-07,0.84998249,0.0011611622
815,0.0065998064,9.2797589E-05,9.498434E-05,9.8223E-11,1.8860759E-05,1.0812141E-05,1.6720096E-07,0.84428385,0.0010955178
816,0.0057006748,8.380562E-05,8.8880278E-05,9.7651E-11,1.973554E-05,9.4781784E-06,1.1290236E-07,0.83858918,0.0010299742
817,0.0048097005,8.1107971E-05,8.3351469E-05,9.7654E-11,1.9951372E-05,8.2893155E-06,1.4464832E-07,0.83720157,0.0010972202
818,0.003926225,7.8390575E-05,7.7566984E-05,9.7656E-11,2.0018922E-05,7.1058476E-06,1.7633596E-07,0.83578976,0.0011649034
819,0.0030258474,7.572428E-05,6.7457093E-05,9.7747E-11,1.9805321E-05,7.9841793E-06,1.9480748E-07,0.83692046,0.0011298525
820,0.0021313448,7.3032682E-05,5.7039237E-05,9.7836E-11,1.9438598E-05,8.8835998E-06,2.1343294E-07,0.83803613,0.0010944676
821,0.001890584,6.4511163E-05,5.3295785E-05,2.1504273E-08,1.2672801E-05,8.3642458E-06,1.7163279E-07,0.84030568,0.0010987003
822,0.001661908,5.5927245E-05,4.9524425E-05,4.3162352E-08,5.8126974E-06,7.8410006E-06,1.2897823E-07,0.84257482,0.0011029416
823,0.001409394,6.91428E-05,5.2266136E-05,2.1531863E-08,1.3960995E-05,1.0223819E-05,1.2923345E-07,0.83980292,0.001075298
824,0.0011662808,8.1993972E-05,5.49943E-05,9.7587E-11,2.2056613E-05,1.2595533E-05,1.2948504E-07,0.83702775,0.0010477604
825,0.00092222675,7.1596389E-05,5.0971805E-05,3.4917397E-08,1.8251623E-05,7.8755378E-06,9.7101063E-08,0.83565718,0.0010415693
826,0.00084108623,6.1230104E-05,4.6742728E-05,6.9560513E-08,1.4307571E-05,3.183756E-06,6.4952751E-08,0.83428126,0.0010353828
827,0.00076121595,6.6463819E-05,4.4192167E-05,4.3565599E-07,1.2459941E-05,3.9173312E-06,2.2050755E-07,0.83397461,0.0011052553
828,0.00068246581,7.2016584E-05,4.1633266E-05,8.0275383E-07,1.0606351E-05,4.6394691E-06,3.7587297E-07,0.83366349,0.0011753467
829,0.00060627323,7.0802688E-05,4.9062091E-05,2.9395415E-06,9.9353391E-06,7.6922671E-06,2.8224542E-07,0.83812137,0.0011514522
830,0.00052869558,6.986667E-05,5.6612095E-05,5.1160046E-06,9.2669077E-06,1.0782457E-05,1.8697518E-07,0.84254829,0.0011269976
831,0.00051231975,7.2195102E-05,6.0066864E-05,4.9036296E-06,1.144332E-05,7.2542089E-06,2.2841188E-07,0.83766548,0.0011391444
832,0.00049739452,7.4513872E-05,6.3730023E-05,4.7088499E-06,1.362681E-05,3.7249886E-06,2.6969169E-07,0.83278884,0.0011512301
833,0.00048204931,6.9611035E-05,6.439936E-05,3.6119838E-06,1.3413116E-05,5.3017428E-06,1.9185198E-07,0.82876569,0.0011899166
834,0.0004667013,6.5014207E-05,6.5068583E-05,2.531882E-06,1.3214677E-05,6.8646806E-06,1.1330915E-07,0.82473985,0.0012286008
835,0.00044966212,5.9274155E-05,6.3500458E-05,1.7825811E-06,1.0633341E-05,6.9783088E-06,1.6483354E-07,0.81860353,0.0011509375
836,0.00043966628,5.387869E-05,6.1941455E-05,1.0354092E-06,8.0707077E-06,7.0908214E-06,2.1527983E-07,0.81248053,0.0010738043
837,0.00043444877,4.9667587E-05,6.3719339E-05,6.8174067E-07,1.0241357E-05,6.7233839E-06,1.1870005E-07,0.81539486,0.0011615931
838,0.00042911755,4.5082621E-05,6.5293578E-05,3.2291609E-07,1.2442372E-05,6.3500561E-06,2.0718246E-08,0.81827885,0.0012505411
839,0.00041905307,4.829224E-05,6.7046407E-05,2.9627536E-07,1.2194712E-05,6.2695812E-06,1.8128256E-07,0.81248944,0.0013028266
840,0.00040904875,5.1168629E-05,6.8560994E-05,2.6814162E-07,1.1948453E-05,6.2034051E-06,3.403207E-07,0.80671062,0.0013546559
841,0.00040996226,4.576068E-05,6.5380001E-05,2.4676215E-07,9.1704476E-06,5.9083045E-06,3.3361278E-07,0.81074675,0.0013296242
842,0.00040941088,4.0559268E-05,6.2131347E-05,2.2495614E-07,6.3403686E-06,5.6069499E-06,3.2673354E-07,0.81473791,0.0013039433
843,0.0004048531,3.697075E-05,7.019355E-05,5.4548369E-07,8.9042332E-06,7.2229569E-06,2.4507303E-07,0.80678172,0.0012964074
844,0.00039890456,3.3720105E-05,7.8184232E-05,8.6327701E-07,1.1446006E-05,8.8390359E-06,1.6409043E-07,0.79885349,0.001288872
845,0.00039644544,2.8734586E-05,7.8031064E-05,7.7203139E-07,1.1982074E-05,8.4244387E-06,2.0635228E-07,0.79416124,0.0014918107
846,0.00040527788,2.358498E-05,7.8101869E-05,6.8061819E-07,1.2534564E-05,8.0090688E-06,2.4869045E-07,0.78945864,0.0016951148
847,0.00041526369,2.669068E-05,7.8345353E-05,4.0096286E-07,1.2615005E-05,7.2353024E-06,3.2604643E-07,0.78307719,0.0020523147
848,0.00042525338,2.9766815E-05,7.8588772E-05,1.2236581E-07,1.2710939E-05,6.4752516E-06,4.0484483E-07,0.77669083,0.0024096855
849,0.0004358728,3.602856E-05,7.6696336E-05,1.2992188E-07,1.490341E-05,4.5925628E-06,4.2101259E-07,0.7720116,0.0033674379
850,0.00044652592,4.2311156E-05,7.4797209E-05,1.3750273E-07,1.7087637E-05,2.7035361E-06,4.3864315E-07,0.76731323,0.004328389
851,0.00042814529,3.5973806E-05,6.6249368E-05,1.7239695E-07,1.4865276E-05,4.7690067E-06,2.5025536E-07,0.75911179,0.0063775717
852,0.00041127743,2.9490373E-05,5.7977966E-05,2.0757331E-07,1.2625789E-05,6.8351962E-06,6.3904539E-08,0.75093941,0.0084134639
853,0.00039534425,2.7362638E-05,5.3407904E-05,4.4175026E-06,1.0150196E-05,6.1752451E-06,2.669229E-07,0.74826375,0.012753672
854,0.00037932918,2.5224197E-05,4.9039851E-05,8.6344065E-06,7.6468326E-06,5.5119943E-06,4.7178172E-07,0.74556817,0.017115098
855,0.00036125722,2.7626208E-05,4.4855711E-05,8.6085023E-06,6.7114985E-06,6.3409126E-06,8.0172885E-07,0.73927115,0.030595678
856,0.0003460976,3.0013014E-05,4.0471867E-05,8.5825138E-06,5.7815987E-06,7.1646725E-06,1.1310705E-06,0.73299138,0.043994385
857,0.00033569371,3.0875028E-05,3.9110061E-05,6.0139374E-06,7.6536024E-06,6.7608429E-06,8.8455748E-07,0.73683187,0.086261884
858,0.00032498655,3.1875587E-05,3.748107E-05,3.3872809E-06,9.5810637E-06,6.3322525E-06,6.3383397E-07,0.74059623,0.12944465
859,0.00031154943,3.1972342E-05,3.4843998E-05,2.5438161E-06,9.2624105E-06,5.7033639E-06,1.2471188E-06,0.73738553,0.22131793
860,0.0002980263,3.2069236E-05,3.2420348E-05,1.6951915E-06,8.9258373E-06,5.0561285E-06,1.8713092E-06,0.73414497,0.31374624
861,0.00029960437,3.0190343E-05,3.0218293E-05,9.5002954E-07,8.1607215E-06,6.2134277E-06,2.4077364E-06,0.72490014,0.42136493
862,0.00029971918,2.8452245E-05,2.8033966E-05,2.1307525E-07,7.3861702E-06,7.3602753E-06,2.9393433E-06,0.71569903,0.52801976
863,0.00030253599,2.2468426E-05,2.4838895E-05,1.5311104E-07,6.2536109E-06,6.8292915E-06,4.9503841E-06,0.70796754,0.6157483
864,0.00030535087,1.6486585E-05,2.1508134E-05,9.3166867E-08,5.1214196E-06,6.3127827E-06,6.9607209E-06,0.70023647,0.70344488
865,0.000308537,1.5504916E-05,2.0187409E-05,1.1442436E-07,4.4396936E-06,9.1561582E-06,8.779297E-06,0.69714121,0.78926944
866,0.00030159299,1.4511176E-05,1.8850479E-05,1.3591872E-07,3.7499296E-06,1.204603E-05,1.0618192E-05,0.69397258,0.87603246
867,0.00029086525,1.6038621E-05,2.0882996E-05,1.207907E-06,5.5503072E-06,1.1227408E-05,1.1014684E-05,0.68495691,0.92644283
868,0.00028161993,1.7559753E-05,2.2907121E-05,2.2679412E-06,7.3276205E-06,1.0397447E-05,1.1395065E-05,0.6759667,0.97663886
869,0.00027081554,1.6345046E-05,2.2184554E-05,1.7575058E-06,6.1091375E-06,8.5296875E-06,1.1408897E-05,0.66728603,0.98191541
870,0.00026149747,1.5167746E-05,2.1442375E-05,1.2583277E-06,4.8967699E-06,6.6569727E-06,1.1422409E-05,0.65863537,0.98714358
871,0.00025888939,1.5871248E-05,2.1860139E-05,1.4413678E-06,5.1669233E-06,7.6253157E-06,9.7999343E-06,0.65652607,0.99004103
872,0.00025622742,1.6614839E-05,2.2258669E-05,1.6267257E-06,5.4402707E-06,8.6204574E-06,8.1407437E-06,0.65433981,0.99290296
873,0.00025098074,1.7957805E-05,2.4901713E-05,1.6946515E-06,6.1843931E-06,7.1707102E-06,7.1596336E-06,0.6452213,0.99045175
874,0.00024576192,1.9322478E-05,2.7571354E-05,1.7637892E-06,6.9230951E-06,5.7308476E-06,6.1851318E-06,0.63614388,0.98798286
875,0.00024226621,1.8275452E-05,2.6975743E-05,9.8310269E-07,6.0092652E-06,4.1429061E-06,4.719967E-06,0.63247065,0.9933626
876,0.0002547547,1.7220778E-05,2.6375468E-05,1.9695265E-07,5.0729954E-06,2.5292752E-06,3.2444942E-06,0.62875987,0.9987611
877,0.00026799871,1.6590601E-05,3.2176653E-05,1.8826011E-07,4.948001E-06,3.7232101E-06,3.9128526E-06,0.62286138,0.9993812
878,0.00028125627,1.5991705E-05,3.7983933E-05,1.7779761E-07,4.838834E-06,4.918405E-06,4.5964125E-06,0.61695541,1
879,0.00029339457,1.617809E-05,3.6654246E-05,5.9421768E-06,3.375139E-06,6.7483826E-06,7.508642E-06,0.61304562,0.99835055
880,0.00030703349,1.633293E-05,3.5087675E-05,1.1709535E-05,1.922653E-06,8.5989306E-06,1.041584E-05,0.60912042,0.99669148
881,0.00030122673,2.0796065E-05,3.3000903E-05,1.0439349E-05,3.0926929E-06,7.5196255E-06,9.5443195E-06,0.60460279,0.99096196
882,0.00029688016,2.5260371E-05,3.0913484E-05,9.1511262E-06,4.247019E-06,6.440008E-06,8.6870896E-06,0.60008253,0.9852286
883,0.00029313331,1.7016519E-05,3.0748242E-05,9.8085451E-06,3.5977948E-06,6.000421E-06,8.2102883E-06,0.5979007,0.98142598
884,0.00028789906,8.7686543E-06,3.0348604E-05,1.0451031E-05,2.929603E-06,5.5441972E-06,7.7313386E-06,0.595705,0.97759964
885,0.00028370306,1.680832E-05,2.9670278E-05,1.1240097E-05,3.608344E-06,7.2362959E-06,7.6054496E-06,0.59091369,0.97085575
886,0.0002750871,2.485989E-05,2.8990886E-05,1.2030313E-05,4.2880857E-06,8.9308931E-06,7.464722E-06,0.5861141,0.96409993
887,0.00026604396,1.7097419E-05,2.8266458E-05,1.0102916E-05,3.3664667E-06,7.0743177E-06,7.4440186E-06,0.5727696,0.95627089
888,0.00025701407,9.3475265E-06,2.7776466E-05,8.1786086E-06,2.4463333E-06,5.2060686E-06,7.4233066E-06,0.55944363,0.94844917
889,0.00024796987,9.6286026E-06,2.4718907E-05,8.5963404E-06,2.862104E-06,4.5418898E-06,8.1609151E-06,0.53325507,0.9407302
890,0.00023747516,9.9090897E-06,2.1503842E-05,9.0309411E-06,3.2770763E-06,3.8789282E-06,8.9116727E-06,0.50711225,0.93301969
891,0.00024236118,9.8323837E-06,2.2340981E-05,9.0491742E-06,3.0422446E-06,4.9134508E-06,9.9527036E-06,0.46745757,0.92867725
892,0.00024579364,9.7230052E-06,2.3157973E-05,9.0852046E-06,2.8064455E-06,5.9374261E-06,1.1012523E-05,0.42763983,0.92431156
893,0.00025086696,9.4246971E-06,2.0990789E-05,7.8969235E-06,3.1857668E-06,5.0099819E-06,1.2495077E-05,0.37795755,0.92043982
894,0.00025596437,9.124721E-06,1.8788468E-05,6.7023072E-06,3.5508369E-06,4.0628313E-06,1.3985302E-05,0.3280099,0.9165381
895,0.00025899682,9.2247496E-06,1.92407E-05,7.6874887E-06,3.1139441E-06,4.8028877E-06,1.5314561E-05,0.27517437,0.91092194
896,0.00026351086,9.3248159E-06,1.9693148E-05,8.6553278E-06,2.6605753E-06,5.5581344E-06,1.6791836E-05,0.22230846,0.90530077
897,0.00026840058,1.376655E-05,1.8264919E-05,7.3800914E-06,3.9975433E-06,5.1972628E-06,1.8295378E-05,0.17926259,0.9016168
898,0.00027182016,1.81905E-05,1.6831828E-05,6.1184948E-06,5.3226942E-06,4.8351601E-06,1.9803876E-05,0.13607176,0.89791656
899,0.0002771381,1.8574258E-05,1.7665799E-05,6.8935306E-06,4.6208611E-06,5.2668292E-06,1.8531396E-05,0.10503591,0.89503012
900,0.00028248509,1.8927332E-05,1.8480959E-05,7.6733023E-06,3.9145769E-06,5.7160391E-06,1.7399406E-05,0.073804716,0.89211226
901,0.00027354797,1.9224714E-05,1.7841589E-05,6.9880021E-06,4.1115856E-06,5.4330848E-06,1.6955168E-05,0.055686113,0.88661161
902,0.00026610322,1.9489309E-05,1.7178277E-05,6.3025342E-06,4.3086288E-06,5.1649832E-06,1.6510794E-05,0.03756336,0.88110776
903,0.00025720403,1.9461839E-05,1.7563252E-05,7.6048573E-06,4.2770372E-06,5.0320148E-06,1.7705619E-05,0.028010548,0.87602215
904,0.00024979523,1.9434315E-05,1.7948403E-05,8.9259464E-06,4.2618114E-06,4.9138994E-06,1.8752236E-05,0.018452453,0.870932
905,0.00024081866,1.6807924E-05,1.8090897E-05,6.0168355E-06,3.8683829E-06,4.2417521E-06,1.830561E-05,0.013814732,0.86464526
906,0.00024380767,1.4181539E-05,1.8233343E-05,3.0896944E-06,3.4913434E-06,3.5696066E-06,1.7710122E-05,0.009177063,0.85835652
907,0.00024697513,1.4914373E-05,1.8555603E-05,4.683049E-06,3.7234741E-06,4.1550549E-06,1.8318472E-05,0.0066541154,0.85313837
908,0.00025014665,1.5648223E-05,1.8878287E-05,6.2605713E-06,3.9395141E-06,4.7413298E-06,1.907669E-05,0.0041275583,0.84791119
909,0.0002540718,1.5078767E-05,1.8350258E-05,6.1927535E-06,3.6080046E-06,4.3534188E-06,1.8548393E-05,0.0033788795,0.84462541
910,0.0002580204,1.4504806E-05,1.7841939E-05,6.1243058E-06,3.2739823E-06,3.9776316E-06,1.801582E-05,0.0026246272,0.84129754
911,0.00026474244,1.2915612E-05,1.8297062E-05,6.7067363E-06,3.0669765E-06,3.8520187E-06,1.8815266E-05,0.0022781207,0.83642555
912,0.00027149675,1.1351306E-05,1.8754366E-05,7.2738067E-06,2.842241E-06,3.7408581E-06,1.961868E-05,0.0019297899,0.83151967
913,0.00027558474,1.1066438E-05,1.8554503E-05,6.6214331E-06,2.8374818E-06,3.2205205E-06,1.8380547E-05,0.0016874721,0.82299467
914,0.00028116744,1.0782397E-05,1.8355094E-05,5.9711706E-06,2.8161397E-06,2.7018908E-06,1.7146353E-05,0.001445946,0.81448863
915,0.0002875763,9.5004766E-06,1.835419E-05,6.2163873E-06,2.4713768E-06,3.4911955E-06,1.5662016E-05,0.0013063323,0.80818005
916,0.00028490773,8.1820354E-06,1.8377317E-05,6.4622052E-06,2.1257371E-06,4.2824816E-06,1.4294519E-05,0.0011663611,0.80185327
917,0.00028400161,7.6663191E-06,1.7572023E-05,6.5678295E-06,2.0970218E-06,4.094545E-06,1.4431032E-05,0.0010774551,0.79663027
918,0.00028156763,7.1483307E-06,1.6763142E-05,6.6738628E-06,2.0681683E-06,3.9057713E-06,1.4568033E-05,0.00098815897,0.79137928
919,0.0002781303,6.6378916E-06,1.6256366E-05,6.6277187E-06,2.0485923E-06,3.2932116E-06,1.362501E-05,0.00095262304,0.78287004
920,0.00027621775,6.1621432E-06,1.575087E-05,6.5999759E-06,2.0290522E-06,2.6823543E-06,1.2669428E-05,0.00091717701,0.77437747
921,0.00027519818,5.3724541E-06,1.481285E-05,6.1344142E-06,1.7828054E-06,2.8694025E-06,1.1648568E-05,0.00091555827,0.76847536
922,0.00027569672,4.6133028E-06,1.3895561E-05,5.648733E-06,1.5306488E-06,3.0571149E-06,1.0608791E-05,0.00091393075,0.76254799
923,0.00027491448,4.7263305E-06,1.456423E-05,5.8853927E-06,1.8410729E-06,3.095878E-06,9.8776425E-06,0.00086839245,0.75801567
924,0.00027412497,4.839917E-06,1.5260694E-05,6.1417665E-06,2.148121E-06,3.1348164E-06,9.1424302E-06,0.00082259824,0.75345043
925,0.0002731311,4.0412178E-06,1.4827431E-05,6.0426634E-06,1.7824207E-06,3.2022861E-06,8.1375411E-06,0.00079834384,0.74690555
926,0.00026751931,3.2562149E-06,1.4392372E-05,5.9617062E-06,1.4001034E-06,3.2700032E-06,7.1286393E-06,0.00077399075,0.74033046
927,0.00026085371,3.7381002E-06,1.3803071E-05,5.5977654E-06,1.6983323E-06,2.696643E-06,6.5191476E-06,0.00075513531,0.73066613
928,0.00025267932,4.2012219E-06,1.32159E-05,5.2166837E-06,1.9802542E-06,2.1408018E-06,5.9119712E-06,0.00073634352,0.72102947
929,0.00024745287,3.6093605E-06,1.3093103E-05,5.309973E-06,1.514187E-06,2.5936778E-06,5.2300708E-06,0.00073178439,0.71502744
930,0.00024218309,3.0232599E-06,1.2993651E-05,5.4038316E-06,1.0463766E-06,3.0652078E-06,4.5430834E-06,0.00072717829,0.70896658
931,0.00024122019,3.2816736E-06,1.3221554E-05,5.2300607E-06,1.2590155E-06,2.9799505E-06,4.2617077E-06,0.00076635852,0.70196558
932,0.00024025054,3.5379026E-06,1.345044E-05,5.0554066E-06,1.474367E-06,2.9097335E-06,3.9635162E-06,0.00080571924,0.6949247
933,0.00023812327,3.0813911E-06,1.2778964E-05,4.7816824E-06,1.286104E-06,2.5321396E-06,3.8616212E-06,0.00076082592,0.68344371
934,0.00023600172,2.6270317E-06,1.2110494E-05,4.4905592E-06,1.0987282E-06,2.1409238E-06,3.7601455E-06,0.00071613712,0.67200519
935,0.00023425229,2.530007E-06,1.178139E-05,4.0211814E-06,1.3173102E-06,2.1390343E-06,3.1588014E-06,0.00070105809,0.66171989
936,0.00022942508,2.4331394E-06,1.1428328E-05,3.5340109E-06,1.5354979E-06,2.1371358E-06,2.558503E-06,0.00068600171,0.65144899
937,0.00022538603,2.8121086E-06,1.1114336E-05,3.5990766E-06,1.3888984E-06,1.8497714E-06,2.5343869E-06,0.00066557833,0.64425067
938,0.00022132383,3.1964037E-06,1.0774012E-05,3.645746E-06,1.2415277E-06,1.5609041E-06,2.5101206E-06,0.00064504444,0.63700868
939,0.00021743211,3.1052308E-06,1.0712641E-05,3.5833454E-06,9.4799063E-07,1.6438576E-06,2.2715789E-06,0.00062399037,0.6290025
940,0.00021350927,3.0133664E-06,1.0625874E-05,3.5204439E-06,6.5239817E-07,1.7273559E-06,2.0158321E-06,0.00060278009,0.62092887
941,0.00021342782,3.176333E-06,1.0349465E-05,3.575557E-06,6.7092844E-07,1.6644736E-06,1.8445577E-06,0.0006248261,0.61087036
942,0.00021490297,3.3391641E-06,1.0073234E-05,3.6118043E-06,6.8944226E-07,1.6016339E-06,1.6734083E-06,0.00064685483,0.60081751
943,0.00021655728,3.3885313E-06,9.7558563E-06,3.3687647E-06,8.6731109E-07,1.5525701E-06,1.5811497E-06,0.00046889498,0.59209733
944,0.00021665404,3.4208329E-06,9.4381778E-06,3.1066733E-06,1.0470458E-06,1.5050161E-06,1.4981109E-06,0.000290775,0.58336833
945,0.00021860221,3.5640165E-06,8.8097998E-06,2.9235993E-06,9.257143E-07,1.3190448E-06,1.4790345E-06,0.00028118637,0.57468499
946,0.00021273513,3.6733638E-06,8.1791351E-06,2.7398574E-06,8.0565918E-07,1.1339649E-06,1.4598828E-06,0.00027156214,0.56596787
947,0.00020799566,4.0157655E-06,8.0033107E-06,2.6258933E-06,8.4660878E-07,1.1165325E-06,1.216814E-06,0.00027334215,0.55656914
948,0.00020169422,4.358001E-06,7.8026939E-06,2.5119734E-06,8.8753748E-07,1.0991048E-06,9.7385189E-07,0.00027512059,0.5471731
949,0.00019563537,4.2249575E-06,7.4125019E-06,2.4010475E-06,8.5412201E-07,1.1533375E-06,1.0044121E-06,0.00013985902,0.53904788
950,0.00019113066,4.1260228E-06,7.0215147E-06,2.2898949E-06,8.223548E-07,1.2061119E-06,1.0350312E-06,4.3749555E-06,0.53090528
951,0.00018654361,4.4381604E-06,6.5274852E-06,1.9883021E-06,7.6616354E-07,1.0127457E-06,1.046576E-06,3.8797594E-06,0.52300826
952,0.00018195071,4.7506682E-06,6.0079178E-06,1.6711829E-06,7.0990299E-07,8.1914377E-07,1.0581331E-06,3.3839576E-06,0.5151008
953,0.00017781793,5.2840681E-06,6.277432E-06,2.5281824E-06,8.7429556E-07,1.1014831E-06,9.3786165E-07,3.0674681E-06,0.50815906
954,0.00017365554,5.8208323E-06,6.5485875E-06,3.4135686E-06,1.0380073E-06,1.3840544E-06,8.1679699E-07,2.7488814E-06,0.50116414
955,0.00016903069,5.4432877E-06,6.4022575E-06,2.9196639E-06,8.6211324E-07,1.255618E-06,7.7018081E-07,2.8890907E-06,0.49366651
956,0.00017230329,5.0652371E-06,6.2557241E-06,2.4441997E-06,6.859863E-07,1.1270105E-06,7.2507482E-07,3.0121684E-06,0.48615819
957,0.00017547231,5.6899616E-06,6.6831075E-06,2.4443042E-06,8.2287228E-07,1.0402404E-06,7.2510581E-07,2.4929356E-06,0.47813197
958,0.00017864124,6.28003E-06,7.1356379E-06,2.4444035E-06,9.5803552E-07,9.5346094E-07,7.2670825E-07,1.990967E-06,0.47010408
959,0.00018011837,5.8602981E-06,7.2821953E-06,2.3284806E-06,7.9472894E-07,1.019174E-06,7.8288383E-07,1.9898206E-06,0.46220385
960,0.00018317213,5.4063712E-06,7.4034576E-06,2.2126822E-06,6.333382E-07,1.0832304E-06,8.3899137E-07,1.9886675E-06,0.45431088
961,0.00017730762,6.0108425E-06,8.1017052E-06,2.2183345E-06,8.309944E-07,1.016443E-06,6.7101746E-07,1.7510304E-06,0.44768648
962,0.00017141139,6.653178E-06,8.8034423E-06,2.2048213E-06,1.0296528E-06,9.4771943E-07,5.0217822E-07,1.5312805E-06,0.44102379
963,0.0001637278,6.2447935E-06,9.2717654E-06,2.2466256E-06,9.5459454E-07,9.0791231E-07,6.9432779E-07,1.4100456E-06,0.43450883
964,0.00015777113,5.8351258E-06,9.7668018E-06,2.2885505E-06,8.8104576E-07,8.67979E-07,8.8865172E-07,1.2884313E-06,0.42797215
965,0.00015130031,5.423569E-06,1.0464894E-05,2.0221928E-06,8.6308538E-07,7.70516E-07,7.1384014E-07,1.1261501E-06,0.42144877
966,0.00014624744,5.0108188E-06,1.1139572E-05,1.7531389E-06,8.4507087E-07,6.7277205E-07,5.3852682E-07,9.6165308E-07,0.41490539
967,0.00014130021,4.9464031E-06,1.1736637E-05,1.7532184E-06,7.707196E-07,6.8631213E-07,5.0574604E-07,1.0187707E-06,0.40900472
968,0.00013634129,4.8818277E-06,1.2335044E-05,1.755227E-06,6.979496E-07,6.9988162E-07,4.7288885E-07,1.0760169E-06,0.40308954
969,0.00013099127,4.5984304E-06,1.2964024E-05,1.7968054E-06,8.009914E-07,7.2346803E-07,5.3947707E-07,1.1052251E-06,0.39641237
970,0.00012580628,4.3503996E-06,1.3592288E-05,1.8383331E-06,9.0392105E-07,7.4702673E-07,6.0758326E-07,1.1343982E-06,0.38974075
971,0.00012726589,4.1809187E-06,1.3942371E-05,1.8100076E-06,8.1573867E-07,6.9693789E-07,5.8296277E-07,1.0027758E-06,0.38443808
972,0.00012888955,4.0461257E-06,1.4318884E-05,1.7796592E-06,7.2554595E-07,6.4830501E-07,5.5667528E-07,8.6902007E-07,0.37911907
973,0.00013050236,3.7389361E-06,1.4789451E-05,1.661865E-06,6.8335637E-07,7.6710163E-07,6.3804316E-07,9.1170643E-07,0.37412399
974,0.0001322832,3.4442951E-06,1.5287872E-05,1.5415101E-06,6.3918018E-07,8.8649403E-07,7.1981801E-07,9.5460067E-07,0.3690999
975,0.00013372161,3.6773648E-06,1.5235323E-05,1.518021E-06,7.0444908E-07,8.1080559E-07,7.1815198E-07,8.7159233E-07,0.3635168
976,0.00012919891,3.889171E-06,1.5182748E-05,1.4945325E-06,7.6970478E-07,7.3352011E-07,7.1488172E-07,7.8683251E-07,0.35793385
977,0.00012480994,4.0293239E-06,1.479403E-05,1.5232419E-06,7.8358053E-07,7.2846444E-07,6.3293542E-07,7.5660237E-07,0.35254688
978,0.00012026238,4.1340424E-06,1.4379928E-05,1.5519286E-06,7.9568092E-07,7.2501741E-07,5.5103919E-07,7.2462609E-07,0.34716228
979,0.00011576923,3.9932136E-06,1.3588451E-05,1.3965238E-06,8.2930693E-07,7.0260035E-07,6.1519146E-07,7.2295461E-07,0.34193052
980,0.00011143576,3.8523419E-06,1.2796749E-05,1.2430225E-06,8.6117515E-07,6.8017634E-07,6.8096099E-07,7.1951784E-07,0.33669681
981,0.00010798087,3.8612423E-06,1.2313262E-05,1.3999251E-06,8.3132675E-07,6.5918405E-07,5.3317972E-07,6.9289863E-07,0.33277315
982,0.00010467092,3.8701528E-06,1.1853152E-05,1.5594961E-06,7.9956081E-07,6.3808941E-07,3.847109E-07,6.6615078E-07,0.32882867
983,0.00010112622,4.1258842E-06,1.0920845E-05,1.3370866E-06,8.418035E-07,6.0198381E-07,3.9021988E-07,7.1700716E-07,0.32509446
984,9.773102E-05,4.3824898E-06,9.9852303E-06,1.1158552E-06,8.8418985E-07,5.6574934E-07,3.9413101E-07,7.6625999E-07,0.3213457
985,9.4171396E-05,4.604792E-06,9.4092068E-06,1.355655E-06,1.0016822E-06,6.3988121E-07,4.288458E-07,7.0177777E-07,0.3170805
986,9.8582443E-05,4.8278952E-06,8.8568949E-06,1.5963375E-06,1.1178196E-06,7.142848E-07,4.6368716E-07,6.3705269E-07,0.31279784
987,0.00010267434,5.15067E-06,8.1591159E-06,1.409594E-06,1.3287629E-06,6.3467101E-07,5.6106387E-07,6.6036802E-07,0.30813703
988,0.0001067675,5.437775E-06,7.4351693E-06,1.2247511E-06,1.5397785E-06,5.5665559E-07,6.5685218E-07,6.8369042E-07,0.30347403
989,0.00011099194,5.1585171E-06,6.8744756E-06,1.2027407E-06,1.541853E-06,5.1502972E-07,5.213176E-07,5.6127423E-07,0.29920322
990,0.00011522743,4.8784912E-06,6.3122504E-06,1.1806675E-06,1.5457197E-06,4.7329013E-07,3.8378995E-07,4.3673654E-07,0.29492002
991,0.00010881726,4.6975859E-06,5.9985563E-06,1.0973825E-06,1.5344672E-06,5.0576405E-07,4.3243422E-07,5.2605826E-07,0.28967215
992,0.00010257436,4.5167866E-06,5.6590932E-06,1.0121763E-06,1.5250074E-06,5.38215E-07,4.8104501E-07,6.135306E-07,0.28442692
993,9.6376662E-05,4.5967027E-06,5.6172211E-06,1.2452507E-06,1.692707E-06,5.4898257E-07,5.5191363E-07,6.486764E-07,0.27997814
994,9.0156281E-05,4.6768831E-06,5.5491196E-06,1.4771744E-06,1.8681848E-06,5.5978608E-07,6.2466462E-07,6.8394505E-07,0.27551206
995,8.3857013E-05,4.2499161E-06,5.2945092E-06,1.2686976E-06,1.7875495E-06,5.4730276E-07,5.3555881E-07,6.6494105E-07,0.27143947
996,8.4279237E-05,3.8580412E-06,5.0393175E-06,1.0617363E-06,1.7139312E-06,5.3479029E-07,4.4625255E-07,6.4589305E-07,0.26735716
997,8.4424509E-05,3.6408825E-06,5.1948102E-06,1.2460192E-06,1.7603437E-06,5.8223253E-07,4.5595761E-07,6.1696778E-07,0.26298963
998,8.45695E-05,3.4021886E-06,5.3241206E-06,1.4321991E-06,1.7995327E-06,6.2801207E-07,4.6402322E-07,5.8805402E-07,0.2586234
999,8.4997258E-05,3.3159635E-06,5.2519625E-06,1.2630808E-06,1.6737219E-06,5.7293122E-07,4.5802295E-07,4.5550991E-07,0.25477272
1000,8.5261217E-05,3.2295287E-06,5.1534632E-06,1.0935638E-06,1.5367901E-06,5.1772008E-07,4.5036984E-07,3.2265451E-07,0.25091241
1001,8.2220608E-05,2.9581031E-06,5.3160292E-06,1.2041904E-06,1.5113282E-06,5.6927082E-07,4.4756655E-07,4.4569733E-07,0.24796731
1002,7.9173402E-05,2.689718E-06,5.4527124E-06,1.3150482E-06,1.4858094E-06,6.2092924E-07,4.4475639E-07,5.6719273E-07,0.24501546
1003,7.6051488E-05,2.4873872E-06,5.401137E-06,1.3152563E-06,1.3341859E-06,5.5513598E-07,4.2512964E-07,4.9863046E-07,0.24173025
1004,7.2928459E-05,2.2813671E-06,5.349536E-06,1.3154621E-06,1.1843206E-06,4.909686E-07,4.038543E-07,4.3004575E-07,0.23844358
1005,7.0070477E-05,2.4285723E-06,5.3181093E-06,1.4467472E-06,1.1962813E-06,5.4584751E-07,3.9062307E-07,4.7166212E-07,0.23573357
1006,7.0347842E-05,2.5768846E-06,5.2862974E-06,1.5790381E-06,1.2083066E-06,6.02809E-07,3.7893152E-07,5.1541824E-07,0.23299602
1007,7.0560657E-05,2.425184E-06,4.945948E-06,1.5639973E-06,1.0559139E-06,5.4006099E-07,3.626233E-07,5.0482339E-07,0.22943903
1008,7.0773644E-05,2.2732797E-06,4.6051423E-06,1.5489343E-06,9.0331875E-07,4.7722942E-07,3.4794994E-07,4.9421379E-07,0.225877
1009,7.0927443E-05,2.3167215E-06,4.2073923E-06,1.594915E-06,7.11578E-07,3.557797E-07,3.5782715E-07,4.1572151E-07,0.22171754
1010,7.1081018E-05,2.360142E-06,3.8362327E-06,1.6388644E-06,5.2172902E-07,2.3603521E-07,3.6769995E-07,3.3543357E-07,0.21755905
1011,6.8906979E-05,2.3288962E-06,3.5532776E-06,1.8219701E-06,4.6075165E-07,4.131688E-07,4.0007834E-07,4.0197475E-07,0.21414816
1012,6.6722499E-05,2.30116E-06,3.2690059E-06,2.0038755E-06,4.0132547E-07,5.9110599E-07,4.3426492E-07,4.6698457E-07,0.21072006
1013,6.4619566E-05,2.3698252E-06,3.1395682E-06,1.9413669E-06,4.8432162E-07,5.78383E-07,4.080916E-07,4.2533161E-07,0.20672371
1014,6.2344274E-05,2.434958E-06,2.9832032E-06,1.880741E-06,5.6749927E-07,5.6563076E-07,3.8185981E-07,3.8175075E-07,0.20271813
1015,6.003039E-05,2.5577188E-06,2.7183132E-06,1.8675778E-06,4.6490247E-07,5.2072834E-07,3.6204513E-07,4.4806488E-07,0.19857573
1016,6.0901609E-05,2.6806084E-06,2.4291353E-06,1.8543977E-06,3.6219426E-07,4.757767E-07,3.4220853E-07,5.126126E-07,0.19442858
1017,6.1773677E-05,2.9178346E-06,2.2516934E-06,1.7965901E-06,4.0653796E-07,4.3748063E-07,3.5074361E-07,3.8420663E-07,0.1902455
1018,6.2478639E-05,3.1516254E-06,2.0740576E-06,1.7366889E-06,4.5276925E-07,3.9914277E-07,3.5928734E-07,2.5382281E-07,0.18605765
1019,6.3423047E-05,3.1494494E-06,2.0373794E-06,1.8208468E-06,4.2955113E-07,3.8636366E-07,3.0799127E-07,2.4687294E-07,0.18238771
1020,6.4201806E-05,3.1435549E-06,1.9978932E-06,1.907311E-06,4.0810108E-07,3.7185809E-07,2.5484768E-07,2.3989907E-07,0.17870488
1021,6.083019E-05,3.3838642E-06,2.0781882E-06,1.9194788E-06,4.4502275E-07,4.256917E-07,2.5987141E-07,3.6906674E-07,0.17448787
1022,5.7458621E-05,3.627853E-06,2.1611531E-06,1.9296067E-06,4.8378824E-07,4.7783928E-07,2.6321783E-07,4.982273E-07,0.17027072
1023,5.4033151E-05,3.6836347E-06,2.1254294E-06,1.8479838E-06,4.4964502E-07,4.0128226E-07,2.5872945E-07,4.123615E-07,0.16661211
1024,5.0762162E-05,3.750767E-06,2.0895418E-06,1.7660063E-06,4.1720987E-07,3.2271185E-07,2.5590412E-07,3.2798581E-07,0.16293706
1025,4.7318102E-05,3.7073391E-06,2.24263E-06,1.7455101E-06,4.107415E-07,3.3700696E-07,2.4299674E-07,2.8974146E-07,0.1590322
1026,4.5897597E-05,3.6786033E-06,2.3964092E-06,1.7228513E-06,4.061027E-07,3.5136558E-07,2.3171897E-07,2.5131759E-07,0.15510797
1027,4.4176846E-05,3.6805979E-06,2.4168827E-06,1.6358344E-06,3.6308572E-07,2.8842504E-07,2.0794156E-07,2.5119909E-07,0.15045152
1028,4.2457578E-05,3.6825785E-06,2.4373289E-06,1.5468429E-06,3.1824715E-07,2.255431E-07,1.8587575E-07,2.4922003E-07,0.14579899
1029,4.081484E-05,3.7323874E-06,2.6595805E-06,1.6290698E-06,3.2240826E-07,3.0226617E-07,2.1151039E-07,2.5328455E-07,0.14179028
1030,3.9167501E-05,3.8122209E-06,2.8959629E-06,1.7115162E-06,3.247136E-07,3.791976E-07,2.3890871E-07,2.5735941E-07,0.13777022
1031,3.8018666E-05,3.6107647E-06,2.8721628E-06,1.5322323E-06,3.8113197E-07,4.1537899E-07,1.9338007E-07,3.0992959E-07,0.13261708
1032,3.6696449E-05,3.4200796E-06,2.8483022E-06,1.3525367E-06,4.3767792E-07,4.5334612E-07,1.5029471E-07,3.6448791E-07,0.12745191
1033,3.5464867E-05,3.293044E-06,2.8724472E-06,1.3655518E-06,4.0172296E-07,4.7500906E-07,1.9679218E-07,3.4917211E-07,0.12166158
1034,3.423563E-05,3.1662524E-06,2.8965246E-06,1.3805891E-06,3.6397376E-07,4.9662411E-07,2.4234448E-07,3.3202073E-07,0.11588256
1035,3.2917683E-05,3.0619995E-06,2.8191389E-06,1.3227161E-06,3.644683E-07,5.279543E-07,2.2061251E-07,2.9698329E-07,0.10961224
1036,3.3474742E-05,2.9537059E-06,2.7686785E-06,1.266745E-06,3.6496312E-07,5.5766272E-07,1.9882082E-07,2.6184974E-07,0.10332455
1037,3.3852743E-05,2.7805246E-06,2.5732966E-06,1.27224E-06,3.653562E-07,5.8728622E-07,1.8202343E-07,2.8647257E-07,0.095607494
1038,3.4402645E-05,2.6069644E-06,2.3883693E-06,1.2777442E-06,3.6574937E-07,6.169723E-07,1.6535976E-07,3.0927346E-07,0.08787361
1039,3.481727E-05,2.5295764E-06,2.22706E-06,1.2182478E-06,3.552333E-07,6.1654369E-07,1.6604521E-07,2.4981197E-07,0.079707492
1040,3.5233395E-05,2.4518497E-06,2.067796E-06,1.1584958E-06,3.4467114E-07,6.161093E-07,1.6673243E-07,1.8821904E-07,0.071506845
1041,3.3718954E-05,2.2880763E-06,2.0369739E-06,1.2011729E-06,3.6951093E-07,7.2148947E-07,1.5234313E-07,2.1289203E-07,0.062861841
1042,3.2201538E-05,2.1239837E-06,2.0088257E-06,1.2439297E-06,3.9439781E-07,8.2879044E-07,1.3792587E-07,2.3761207E-07,0.054200092
1043,3.0681148E-05,2.0579289E-06,1.8326895E-06,1.2930129E-06,3.3999873E-07,8.0548997E-07,1.4251726E-07,2.4350296E-07,0.046424917
1044,2.9157782E-05,1.9879568E-06,1.6562119E-06,1.3421879E-06,2.8549462E-07,7.821433E-07,1.471172E-07,2.5129414E-07,0.038634733
1045,2.7631443E-05,1.8761547E-06,1.5397763E-06,1.3309566E-06,3.1226314E-07,7.4150609E-07,1.2285829E-07,2.156013E-07,0.032806362
1046,2.6793575E-05,1.7641349E-06,1.4231147E-06,1.3176133E-06,3.3908236E-07,7.0251576E-07,9.8552678E-08,1.7983968E-07,0.026966762
1047,2.5954056E-05,1.6556949E-06,1.4327251E-06,1.4317401E-06,3.3371816E-07,6.4962765E-07,1.256758E-07,2.0274992E-07,0.0222464
1048,2.5112883E-05,1.5432435E-06,1.4423513E-06,1.5460825E-06,3.2644515E-07,5.9663723E-07,1.5285056E-07,2.2380692E-07,0.017516969
1049,2.4270058E-05,1.5294972E-06,1.4079099E-06,1.602005E-06,2.6406496E-07,5.4527554E-07,1.5109905E-07,1.8225395E-07,0.013660035
1050,2.342558E-05,1.5157219E-06,1.3706424E-06,1.6601274E-06,1.9966369E-07,4.9381484E-07,1.4934391E-07,1.4043132E-07,0.0097957179
1051,2.257945E-05,1.4942936E-06,1.523773E-06,1.7624181E-06,1.8614958E-07,4.2144312E-07,1.5622599E-07,1.4589093E-07,0.0075646824
1052,2.1557814E-05,1.4728218E-06,1.6771925E-06,1.8649004E-06,1.7222836E-07,3.471968E-07,1.6312088E-07,1.5136069E-07,0.0053293868
1053,2.0708213E-05,1.478041E-06,1.8474951E-06,1.9927997E-06,1.7353627E-07,3.2667522E-07,1.6362223E-07,1.7056175E-07,0.0040858824
1054,1.985696E-05,1.4794447E-06,2.0208866E-06,2.1251467E-06,1.7484635E-07,3.0437476E-07,1.6412424E-07,1.8960825E-07,0.0028400098
1055,1.8829704E-05,1.5458985E-06,2.2250843E-06,2.3377732E-06,1.6049157E-07,2.6114018E-07,1.5491235E-07,1.7012196E-07,0.0021849106
1056,1.8498524E-05,1.6086455E-06,2.4324391E-06,2.5507989E-06,1.4610927E-07,2.1956567E-07,1.4550907E-07,1.5040729E-07,0.0015285643
1057,1.8166682E-05,1.6561737E-06,2.6040918E-06,2.8486277E-06,1.2921093E-07,1.7372579E-07,1.4547306E-07,1.2395962E-07,0.0011958849
1058,1.7834179E-05,1.7076263E-06,2.7788438E-06,3.1258945E-06,1.1208875E-07,1.2814796E-07,1.4526275E-07,9.7270155E-08,0.00086257645
1059,1.7483514E-05,1.801424E-06,2.8927291E-06,3.4882439E-06,9.2248969E-08,1.3281268E-07,1.5219119E-07,1.0081193E-07,0.00069330508
1060,1.7114638E-05,1.8992405E-06,3.0068246E-06,3.8301112E-06,7.2371521E-08,1.3766089E-07,1.5895816E-07,1.0436022E-07,0.00052370919
1061,1.6324217E-05,2.1357751E-06,3.0932629E-06,4.3632444E-06,1.108694E-07,1.533732E-07,1.7969448E-07,1.1482773E-07,0.0004240321
1062,1.5532275E-05,2.3727522E-06,3.2077523E-06,4.8973759E-06,1.4924738E-07,1.6929012E-07,1.990726E-07,1.2512259E-07,0.0003240541
1063,1.4738813E-05,2.5484838E-06,3.1270135E-06,5.6022712E-06,1.3725977E-07,1.4418997E-07,1.8877268E-07,1.1927658E-07,0.00027288412
1064,1.3943831E-05,2.7284009E-06,3.0181711E-06,6.3084842E-06,1.2524935E-07,1.1921788E-07,1.7845303E-07,1.1341935E-07,0.00022128701
1065,1.3147328E-05,2.8970635E-06,2.9930354E-06,7.2073605E-06,1.1244461E-07,1.2108736E-07,1.6548687E-07,1.252833E-07,0.00020000666
1066,1.2754489E-05,3.0660381E-06,2.9678472E-06,8.0866331E-06,9.9808662E-08,1.2296014E-07,1.5249605E-07,1.3736226E-07,0.00017901687
1067,1.2343256E-05,3.3088546E-06,2.78847E-06,9.1805485E-06,9.2945846E-08,1.2994236E-07,1.5807796E-07,1.1161498E-07,0.00015699371
1068,1.1931231E-05,3.5521209E-06,2.6143615E-06,1.0297821E-05,8.5876574E-08,1.3693745E-07,1.6349447E-07,8.6012484E-08,0.00013492895
1069,1.1536078E-05,3.8035914E-06,2.5494237E-06,1.1758617E-05,8.9054532E-08,1.478263E-07,1.5767116E-07,8.5899553E-08,0.00012443669
1070,1.1122482E-05,4.0749307E-06,2.4843599E-06,1.3222128E-05,9.2238285E-08,1.5873527E-07,1.5201262E-07,8.5979908E-08,0.00011425671
1071,1.0672694E-05,4.1952744E-06,2.3291544E-06,1.4709735E-05,8.4760087E-08,1.7850107E-07,1.5056974E-07,9.4394928E-08,0.00010937671
1072,1.0204331E-05,4.3158358E-06,2.1708391E-06,1.6178696E-05,7.7267764E-08,1.9635761E-07,1.4912391E-07,1.0301952E-07,0.00010482016
1073,9.7528086E-06,4.3198618E-06,1.9896784E-06,1.7821735E-05,9.8715175E-08,1.7706377E-07,1.2244507E-07,8.0783614E-08,9.9255703E-05
1074,9.3004263E-06,4.3628417E-06,1.8081763E-06,1.9467809E-05,1.2000793E-07,1.5897422E-07,9.5716254E-08,5.8311708E-08,9.3680691E-05
1075,8.8471847E-06,4.561855E-06,1.8465654E-06,2.1095456E-05,1.0707588E-07,1.8094168E-07,9.2446884E-08,7.9961423E-08,8.0086477E-05
1076,8.8020688E-06,4.761231E-06,1.8850227E-06,2.2769059E-05,9.411956E-08,2.0419264E-07,8.8994339E-08,1.0184605E-07,6.646681E-05
1077,8.7746522E-06,4.8047187E-06,2.0055819E-06,2.4510236E-05,1.0356922E-07,2.1860032E-07,9.5806526E-08,9.2194937E-08,7.3214871E-05
1078,8.7471695E-06,4.8873779E-06,2.1235305E-06,2.6469809E-05,1.1323149E-07,2.330344E-07,1.0263121E-07,8.2525726E-08,7.997535E-05
1079,8.7017891E-06,4.7745058E-06,2.4230704E-06,2.8217574E-05,1.2017581E-07,2.2434788E-07,8.9242464E-08,7.9673122E-08,8.0049538E-05
1080,8.6741577E-06,4.7005876E-06,2.7231619E-06,2.9968534E-05,1.2732839E-07,2.1742704E-07,7.600631E-08,7.6815088E-08,8.0123727E-05
1081,8.3784913E-06,4.8617713E-06,3.1231788E-06,3.1938488E-05,1.4604443E-07,2.283314E-07,9.0652126E-08,6.9451923E-08,7.1809012E-05
1082,8.1001442E-06,5.0624893E-06,3.5239312E-06,3.3912035E-05,1.6479489E-07,2.4104105E-07,1.0550282E-07,6.2075003E-08,6.3478777E-05
1083,7.8033706E-06,5.0278878E-06,3.9823091E-06,3.6321575E-05,1.7377315E-07,2.3054098E-07,9.1532158E-08,6.820841E-08,6.5554507E-05
1084,7.5060351E-06,4.953897E-06,4.4415275E-06,3.8951907E-05,1.8257139E-07,2.2002112E-07,7.7535513E-08,7.4353038E-08,6.7633961E-05
1085,7.2260685E-06,5.0371729E-06,4.7306007E-06,4.0720634E-05,2.043542E-07,2.1485277E-07,7.2254831E-08,7.383254E-08,7.0053939E-05
1086,7.1609396E-06,5.159983E-06,5.0201993E-06,4.2492554E-05,2.2617685E-07,2.0967452E-07,6.7142854E-08,7.3310956E-08,7.281537E-05
1087,7.0956785E-06,5.4407125E-06,5.3674235E-06,4.5786657E-05,2.5788218E-07,1.9372393E-07,5.2905812E-08,6.7673434E-08,6.7483722E-05
1088,7.0302852E-06,5.7219499E-06,5.7438544E-06,4.908675E-05,2.8964545E-07,1.7684594E-07,3.8642461E-08,6.2025414E-08,6.1804411E-05
1089,6.9647596E-06,5.727209E-06,6.0351602E-06,5.1958035E-05,3.1357793E-07,1.6263216E-07,5.4077543E-08,5.9323204E-08,5.7804743E-05
1090,6.8991019E-06,5.7720024E-06,6.3269914E-06,5.5052109E-05,3.3755387E-07,1.4839198E-07,6.9720136E-08,5.6418659E-08,5.3797626E-05
1091,6.7972523E-06,5.9751505E-06,6.1608648E-06,5.8805163E-05,3.7540395E-07,1.3448546E-07,8.0547714E-08,6.3381135E-08,4.1655212E-05
1092,6.7132507E-06,6.1786613E-06,5.9657417E-06,6.2565004E-05,4.1530047E-07,1.207334E-07,9.1574581E-08,7.0553909E-08,2.9185375E-05
1093,6.611021E-06,6.3825347E-06,5.8563739E-06,6.8077202E-05,4.414134E-07,1.0244682E-07,8.2312874E-08,6.0530159E-08,3.0399585E-05
1094,6.5085929E-06,6.5867709E-06,5.7180621E-06,7.3599381E-05,4.6955466E-07,8.4126576E-08,7.3034066E-08,5.0487949E-08,3.1582009E-05
1095,6.4240625E-06,6.8310854E-06,5.1193237E-06,8.1098901E-05,4.8386525E-07,8.2577227E-08,1.1325226E-07,5.9055535E-08,2.9979348E-05
1096,6.3937043E-06,7.0758351E-06,4.5482687E-06,8.8830791E-05,5.0018606E-07,8.1205767E-08,1.535438E-07,6.7440332E-08,2.8373708E-05
1097,6.381409E-06,7.559749E-06,4.3507291E-06,9.9861575E-05,5.2249587E-07,7.440094E-08,2.2367139E-07,5.4398562E-08,2.7956917E-05
1098,6.3509351E-06,8.0445334E-06,4.1528219E-06,0.00011113152,5.4484553E-07,6.7583573E-08,2.9248223E-07,4.1134186E-08,2.7505235E-05
1099,6.3385571E-06,8.0917206E-06,3.7524898E-06,0.00012549334,5.6126413E-07,6.1660435E-08,3.8129602E-07,4.8530833E-08,1.4089229E-05
1100,6.3261461E-06,8.1389804E-06,3.3225306E-06,0.0001401007,5.7771171E-07,5.5726406E-08,4.6846222E-07,5.5940872E-08,6.7607887E-07
